CustomerID,Monetary,Recency,Frequency
12346,77183.6,326,1
12347,4310.0,3,7
12348,1797.24,76,4
12349,1757.55,19,1
12350,334.4,311,1
12352,2506.04,37,8
12353,89.0,205,1
12354,1079.4,233,1
12355,459.4,215,1
12356,2811.43,23,3
12357,6207.67,34,1
12358,1168.06,2,2
12359,6310.03,58,4
12360,2662.06,53,3
12361,189.9,288,1
12362,5226.23,4,10
12363,552.0,110,2
12364,1313.1,8,4
12365,641.38,292,2
12367,168.9,5,1
12370,3541.94,52,4
12371,1887.96,45,2
12372,1298.04,72,3
12373,364.6,312,1
12374,742.9300000000001,26,1
12375,457.5,11,2
12377,1628.12,316,2
12378,4008.62,130,1
12379,852.24,82,2
12380,2724.81,22,4
12381,1845.31,5,5
12383,1850.56,185,5
12384,585.27,29,2
12386,401.9,338,2
12388,2780.66,16,6
12390,549.84,80,1
12391,439.66,22,1
12393,1582.6000000000001,73,4
12394,1272.48,64,2
12395,3018.63,20,12
12397,2409.9,36,2
12398,1635.6599999999999,46,1
12399,1108.65,120,4
12401,84.3,304,1
12402,225.6,324,1
12403,427.7,50,1
12405,1710.39,149,1
12406,3415.3,23,2
12407,1708.1200000000001,50,5
12408,2888.55,33,5
12409,11072.67,79,3
12410,693.3299999999999,309,2
12412,1226.88,75,3
12413,758.1,67,3
12414,562.41,218,3
12415,124914.53,25,21
12417,3649.1,4,9
12418,668.58,113,1
12420,600.39,64,1
12421,807.04,16,4
12422,803.5600000000001,96,3
12423,1859.31,1,8
12424,1760.96,163,2
12425,777.2,79,1
12426,582.73,195,1
12427,825.8,22,3
12428,7956.46,26,9
12429,3750.4,10,4
12430,256.4,44,1
12431,6419.95,36,15
12432,5059.32,43,5
12433,13375.87,1,7
12434,806.14,85,2
12435,7829.89,80,2
12436,509.01,100,1
12437,4951.41,2,18
12438,2906.85,15,2
12441,173.55,367,1
12442,172.06,4,1
12444,5005.46,22,5
12445,133.4,23,1
12446,1002.3100000000001,58,1
12447,476.49,244,1
12448,449.45,45,1
12449,4067.29,23,4
12450,197.88,157,2
12451,9035.52,11,5
12452,430.57,17,2
12453,707.09,135,1
12454,3528.34,57,1
12455,2466.86,74,6
12456,3181.04,45,3
12457,2363.23,67,7
12458,947.4,72,2
12461,826.88,95,2
12462,1189.59,19,2
12463,1344.78,54,4
12464,1212.05,11,8
12465,742.1899999999999,18,2
12468,729.5400000000001,188,2
12471,19788.65,3,30
12472,6572.11,33,7
12473,3928.0499999999997,30,5
12474,7324.09,18,18
12475,723.38,54,1
12476,6816.42,16,11
12477,13219.74,23,6
12478,680.99,4,1
12479,527.2,12,1
12480,3281.63,29,4
12481,5579.82,23,10
12483,2484.98,18,8
12484,4527.32,33,6
12488,1298.66,10,3
12489,334.93,337,1
12490,5417.93,6,10
12491,460.40000000000003,39,1
12492,263.21000000000004,64,2
12493,433.74,166,2
12494,1246.1000000000001,16,7
12497,1043.1,82,1
12498,403.70000000000005,22,3
12500,4257.82,24,11
12501,2169.39,337,1
12502,3723.87,96,5
12504,482.04999999999995,19,2
12506,73.5,233,1
12507,1304.81,135,3
12508,397.88,27,2
12509,176.5,285,1
12510,982.5699999999999,143,2
12512,132.18,67,2
12513,612.29,113,1
12514,1017.68,268,1
12515,383.7,354,1
12516,1312.06,78,2
12517,2481.6,29,5
12518,2056.89,1,5
12519,330.84,64,1
12520,2634.26,80,5
12521,599.68,143,1
12522,192.72,40,2
12523,1789.77,20,11
12524,4485.72,10,8
12526,1316.66,1,3
12527,348.71000000000004,82,3
12528,1933.48,10,6
12530,1662.28,60,4
12531,125.22,15,1
12532,349.83000000000004,31,1
12534,1089.18,131,1
12535,716.35,92,2
12536,12601.830000000002,44,3
12538,363.95,30,1
12539,5568.35,23,4
12540,13400.24,20,17
12541,981.18,30,3
12544,372.7,37,1
12545,1000.39,76,2
12546,1161.5,47,2
12547,207.79999999999998,198,2
12548,95.19999999999999,167,1
12550,964.83,80,1
12551,168.0,358,1
12552,437.82,39,2
12553,3692.28,9,10
12556,599.56,51,2
12557,11990.960000000001,17,5
12558,269.96,8,1
12559,561.71,311,2
12560,2134.01,6,3
12561,238.85,303,1
12562,3781.7400000000002,9,7
12564,456.9,262,1
12565,145.92,289,1
12566,351.65,87,1
12567,9401.28,23,10
12569,4124.69,3,32
12571,519.61,40,2
12572,1020.42,9,2
12573,160.54000000000002,228,1
12574,218.45,316,1
12576,1315.83,36,5
12577,626.6,36,3
12578,2794.51,22,2
12579,440.42,79,1
12580,415.7,247,1
12581,197.71,40,1
12582,511.36,239,2
12583,7281.38,3,15
12584,2338.15,4,9
12585,2040.1,235,2
12586,196.94000000000003,18,1
12587,144.0,8,1
12588,214.89999999999998,40,1
12589,646.68,29,2
12590,9864.26,212,2
12591,452.84999999999997,318,1
12592,437.6,93,2
12593,418.09999999999997,109,3
12594,3338.2200000000003,38,10
12596,618.27,52,2
12597,3811.22,20,4
12598,3023.08,10,8
12599,1032.58,30,7
12600,2599.04,29,10
12601,577.0600000000001,190,5
12602,153.12,59,1
12603,739.1999999999999,22,1
12604,254.18,80,2
12607,1579.51,61,1
12609,1126.85,79,3
12610,2099.54,23,5
12611,1193.32,53,1
12612,704.0400000000001,75,1
12613,3344.38,58,5
12614,315.6,278,1
12615,2291.19,3,4
12616,713.3,96,2
12617,352.98,30,1
12618,177.31,22,1
12619,3641.24,17,9
12620,1339.41,15,3
12621,13689.67,2,20
12622,180.1,233,1
12623,305.1,277,1
12624,641.13,107,2
12625,2683.82,212,2
12626,6620.48,24,9
12627,4478.53,11,7
12628,786.46,5,3
12630,1270.88,10,2
12631,640.5,58,1
12633,2163.98,59,4
12635,1689.18,90,2
12637,6002.9,68,8
12638,671.69,34,1
12639,486.1,239,1
12640,1174.58,24,3
12641,185.9,116,1
12642,1013.26,26,3
12643,3344.64,129,6
12644,477.91,130,1
12645,1775.18,34,4
12646,1346.97,5,2
12647,3722.82,23,12
12648,318.05,155,1
12649,623.51,108,3
12650,314.44,4,1
12651,114.0,335,1
12652,919.98,332,1
12653,2209.85,149,2
12654,601.98,11,5
12656,4051.17,18,5
12657,1643.18,12,4
12658,686.05,19,1
12659,91.68,30,1
12660,245.1,12,1
12662,3849.78,1,11
12664,4881.88,9,9
12665,63.0,325,1
12667,620.13,59,1
12668,3807.15,12,4
12669,2744.0299999999997,151,3
12670,2996.05,11,5
12672,225.89999999999998,330,1
12673,610.52,6,2
12674,1970.6,39,4
12676,1331.39,25,6
12678,17628.46,43,12
12679,1113.02,59,4
12680,862.81,1,4
12681,13787.54,15,22
12682,12279.82,4,31
12683,8476.57,5,15
12684,2283.63,8,7
12685,2863.08,29,6
12686,89.14,372,1
12688,4873.8099999999995,114,1
12689,1247.61,26,2
12690,389.01,206,1
12691,1035.8,29,6
12693,855.91,128,4
12694,869.67,71,2
12695,582.1,8,4
12697,957.59,29,3
12700,4939.99,8,4
12701,797.71,80,2
12702,219.0,20,1
12703,283.55,72,1
12704,2340.84,8,8
12705,6868.29,16,9
12707,603.42,292,1
12708,2712.91,30,10
12709,9706.52,16,15
12710,1149.02,97,3
12712,4396.13,29,13
12713,848.55,1,1
12714,4708.86,10,5
12715,343.36,107,1
12716,1053.49,4,2
12717,1030.98,152,2
12718,238.25,72,1
12719,644.95,6,2
12720,5781.73,3,25
12721,2656.13,32,6
12722,997.63,86,4
12723,725.07,4,5
12724,1031.41,6,4
12725,427.8,372,1
12726,2609.1,29,7
12727,3980.7,11,7
12728,836.33,72,4
12729,453.01,114,1
12731,18895.91,24,12
12732,236.26000000000002,180,1
12733,383.95,235,1
12734,110.39999999999999,353,1
12735,779.5699999999999,316,2
12736,234.0,333,1
12738,155.35,373,1
12739,1013.04,79,2
12740,427.6,64,1
12743,540.13,135,2
12744,21279.29,52,7
12747,4196.01,3,11
12748,33053.19,1,209
12749,4090.88,4,5
12750,275.88,129,1
12752,4366.78,82,1
12753,21429.39,23,6
12754,3010.74,236,3
12755,3811.95,281,2
12756,112.07999999999998,87,1
12757,7834.650000000001,16,13
12758,2791.59,117,2
12759,1531.44,53,3
12762,1898.52,8,2
12763,494.08,139,2
12764,1693.88,317,1
12766,6989.63,4,7
12769,1143.6,239,1
12770,1351.45,211,1
12772,892.47,60,1
12775,1386.04,18,5
12778,822.23,20,6
12779,3981.36,38,8
12781,826.74,64,2
12782,2330.92,5,5
12783,2225.91,3,6
12784,532.8199999999999,10,2
12785,311.95,365,1
12787,463.66,10,3
12789,91.85,66,1
12790,324.92,193,1
12791,192.60000000000002,374,1
12792,400.53999999999996,257,1
12793,545.48,335,2
12794,860.41,54,2
12795,430.48,19,1
12797,254.03,366,1
12798,6977.04,11,3
12802,427.58,187,1
12808,483.65000000000003,37,3
12809,489.31,178,1
12811,514.85,261,3
12812,229.64000000000001,45,1
12814,125.92,102,1
12815,1063.46,148,2
12816,572.2,96,2
12817,166.04,282,1
12818,1542.08,262,1
12820,942.34,4,4
12821,92.72,215,1
12822,948.88,71,2
12823,1759.5,75,5
12824,397.12,60,1
12826,1474.72,3,7
12827,430.15000000000003,6,3
12828,1018.71,3,6
12829,293.0,337,2
12830,6814.64,38,6
12831,215.05,263,1
12832,383.03,33,2
12833,417.38,146,1
12834,312.38,283,1
12836,2610.36,60,4
12837,134.1,174,1
12838,671.95,34,2
12839,5591.42,3,14
12840,2726.77,144,4
12841,3991.58,5,25
12842,1118.99,71,2
12843,1702.26,66,8
12844,325.96000000000004,30,2
12845,354.09,268,4
12847,843.64,23,1
12849,1010.29,32,2
12851,131.81,97,1
12852,311.55,295,1
12853,1957.1000000000001,135,6
12854,1316.25,79,3
12855,38.1,373,1
12856,2170.78,8,6
12857,1106.4,211,2
12863,521.2,53,1
12864,147.12,139,1
12865,1568.23,27,2
12866,559.12,284,1
12867,4009.34,27,7
12868,1607.0600000000002,186,6
12871,380.64,85,2
12872,599.97,327,2
12873,374.0,283,1
12875,343.2300000000001,144,2
12876,2218.02,58,2
12877,1535.77,4,12
12878,854.99,237,2
12879,573.22,45,3
12881,298.0,276,1
12882,1463.04,10,2
12883,703.47,25,4
12884,309.05,89,1
12885,1175.22,64,3
12886,1378.4,68,2
12888,354.12,215,2
12890,376.71999999999997,25,1
12891,331.0,186,3
12893,176.55,31,1
12895,372.8,43,2
12897,216.5,205,2
12901,17654.54,9,28
12902,138.68,265,1
12904,496.06,19,2
12906,2919.81,12,5
12908,750.0,177,2
12909,2178.67,40,5
12910,3075.04,24,8
12912,1662.3,3,5
12913,2483.63,5,5
12915,363.65,149,2
12916,2944.95,139,4
12917,594.0,129,1
12919,1335.19,9,6
12920,162.78,18,1
12921,16587.09,10,37
12922,405.38,162,1
12923,172.82,65,1
12924,933.7,89,4
12925,694.05,5,2
12928,2062.7000000000003,36,5
12929,117.85,312,1
12930,415.8,79,2
12931,42055.96,22,15
12933,607.53,25,3
12935,2160.7,3,7
12936,1063.9,18,4
12937,1504.27,16,4
12938,114.14,26,1
12939,11581.8,65,8
12940,899.69,55,2
12942,675.6,132,3
12944,604.51,36,2
12945,462.95,289,1
12947,1603.99,144,6
12948,2064.95,17,7
12949,4167.22,31,8
12950,1843.0,3,3
12951,1064.07,9,6
12952,1387.79,6,4
12953,329.85,10,1
12955,4757.16,2,11
12956,108.07,307,1
12957,4017.54,10,8
12962,266.39,8,2
12963,1856.63,9,8
12965,769.8100000000001,90,1
12966,160.18,10,1
12967,1660.9,359,2
12968,135.95,113,1
12970,405.47,8,4
12971,11189.91,4,86
12974,144.8,198,1
12976,738.6,212,1
12977,39.239999999999995,157,1
12980,7374.900000000001,158,9
12981,372.21999999999997,30,2
12982,390.54,243,1
12984,97.5,19,1
12985,1239.38,1,2
12987,558.7,74,2
12988,505.82,293,1
12989,6924.110000000001,4,15
12990,409.5,32,3
12991,503.76,24,2
12993,414.76,24,4
12994,974.4200000000001,5,3
12995,211.32,86,1
12997,1226.89,23,4
12999,455.88,197,3
13000,534.85,107,3
13001,9785.970000000001,5,13
13002,120.94999999999999,319,1
13003,149.05,106,3
13004,5655.91,12,18
13005,513.7,174,2
13006,81.57,57,1
13008,229.46999999999997,324,1
13011,50.550000000000004,373,1
13012,1646.8400000000001,10,8
13013,4810.9400000000005,2,13
13014,3466.2799999999997,11,10
13015,3339.64,54,5
13016,789.89,74,3
13017,204.0,8,1
13018,7277.7,17,28
13021,2616.38,5,9
13023,689.9,65,2
13026,975.36,2,5
13027,6912.0,114,6
13028,661.3199999999999,23,2
13029,1247.5,31,3
13030,752.4399999999999,12,2
13032,1010.18,53,2
13033,190.55,358,1
13034,642.77,55,2
13035,921.88,74,2
13037,881.07,139,3
13038,908.46,81,3
13040,676.99,9,2
13043,516.42,274,1
13044,560.47,292,1
13045,305.28000000000003,100,1
13046,629.31,31,2
13047,3237.54,32,10
13048,1819.41,15,4
13049,656.6800000000001,65,2
13050,5836.86,15,17
13052,348.15000000000003,213,1
13055,1214.41,79,3
13058,271.40000000000003,25,3
13059,183.4,250,1
13060,307.53,254,1
13061,248.61,73,1
13062,346.98,192,1
13064,1105.59,13,4
13065,205.86,374,1
13066,470.8,25,2
13067,115.46000000000001,83,1
13068,344.0,11,2
13069,4431.44,1,24
13070,228.8,193,1
13072,177.15,267,1
13075,919.61,130,1
13077,728.02,2,4
13078,12627.94,4,26
13079,220.10000000000002,5,5
13080,58.08,180,1
13081,28337.38,12,11
13082,3613.63,127,9
13083,303.75,5,2
13085,416.08000000000004,158,2
13089,58762.08,3,97
13090,8910.82,9,14
13091,345.82,29,1
13092,477.83,71,5
13093,7832.47,276,8
13094,1927.3200000000002,22,12
13095,74.39999999999999,71,1
13097,6003.22,33,10
13098,28882.44,2,28
13099,207.35999999999999,100,1
13101,101.19,235,1
13102,6424.09,2,24
13103,243.94,40,1
13104,1098.48,4,6
13106,76.5,134,1
13107,1531.6200000000001,45,4
13108,350.06,373,1
13109,786.54,60,2
13110,1488.67,32,7
13113,12245.960000000001,1,24
13115,2294.78,12,4
13116,501.14,139,1
13117,984.91,22,8
13118,1197.81,20,5
13120,30.599999999999998,239,1
13121,283.73,270,1
13122,922.39,95,2
13124,3756.33,90,3
13126,2099.64,5,8
13127,259.17,78,1
13130,64.0,95,1
13131,1073.3,24,3
13132,77.3,262,1
13133,109.8,274,2
13134,1793.58,86,4
13135,3096.0,197,1
13136,2607.61,57,5
13137,3603.29,11,8
13138,962.39,23,6
13139,5064.94,17,7
13140,422.47,109,3
13141,2388.75,85,5
13142,307.09,20,1
13144,110.95,333,1
13145,618.52,40,4
13146,228.91,27,1
13147,712.8000000000001,11,4
13148,3683.26,30,12
13149,1676.06,15,4
13151,1257.8700000000001,296,1
13153,486.22,6,1
13155,971.76,34,4
13157,1741.22,50,4
13158,1201.06,95,4
13159,1429.35,9,4
13160,91.8,23,1
13161,112.75,314,1
13162,1688.29,123,4
13165,1021.48,47,2
13166,417.2,284,1
13167,791.33,19,4
13168,1299.59,37,4
13169,712.88,64,2
13170,108.81,27,1
13171,468.41,22,3
13173,353.65,5,2
13174,2742.82,17,3
13176,481.49,47,1
13177,282.45,65,1
13178,5725.47,27,11
13182,121.18,46,1
13183,3957.78,8,9
13184,1668.95,15,10
13185,71.4,268,1
13186,1575.89,40,3
13187,236.02,338,1
13188,114.60000000000001,12,1
13189,260.68,19,2
13192,911.94,96,2
13193,112.08,62,1
13194,60.7,136,1
13196,1797.78,12,4
13198,3401.2400000000002,11,6
13199,9817.12,4,38
13200,870.09,20,4
13203,869.46,10,4
13207,250.26000000000002,16,2
13208,1217.65,59,6
13209,5891.61,31,8
13210,353.48,94,1
13211,1095.42,11,3
13212,786.83,20,3
13213,1520.58,57,5
13216,333.74,268,1
13217,533.98,123,3
13218,62.63999999999999,128,1
13220,819.2900000000001,79,4
13221,847.41,241,2
13223,163.20000000000002,201,2
13224,2155.95,61,2
13225,6463.84,4,7
13226,108.21000000000001,274,1
13227,257.7,202,1
13228,358.0,82,1
13229,160.95,226,1
13230,2755.63,5,14
13232,1328.35,13,7
13233,605.12,75,2
13235,1031.07,213,1
13236,744.85,25,2
13238,700.73,18,4
13239,329.56,262,1
13240,663.65,97,4
13242,270.40000000000003,113,3
13243,585.12,204,1
13244,121.74000000000001,93,1
13245,430.5,51,1
13246,1961.52,19,6
13247,501.12,18,4
13248,465.68,125,2
13249,711.41,93,3
13253,1030.4,157,2
13255,399.51,10,2
13258,672.83,12,3
13259,283.18,62,1
13260,557.62,62,1
13261,944.1,269,2
13262,200.29,264,1
13263,7436.93,2,35
13265,2092.66,54,5
13266,3834.2599999999998,12,12
13267,4521.49,3,19
13268,3174.75,18,11
13269,5343.28,2,15
13270,590.0,367,1
13271,211.49,38,1
13272,276.56,32,2
13273,138.98,114,1
13276,590.9300000000001,64,2
13277,258.4,16,4
13278,542.73,41,1
13279,137.75,79,1
13280,798.46,123,3
13282,1132.14,19,3
13283,93.66,60,2
13284,201.19,331,1
13285,2709.12,24,4
13291,361.11,156,1
13292,578.9399999999999,39,2
13294,873.74,190,2
13295,201.20000000000002,360,1
13296,87.4,138,1
13297,2089.85,8,4
13298,360.0,2,1
13299,142.5,269,1
13300,371.89,170,1
13301,618.09,104,4
13302,63.75,156,1
13304,300.42,352,1
13305,2000.86,5,10
13307,15.0,121,1
13308,1385.51,23,3
13309,1456.79,8,5
13310,1132.03,29,3
13311,598.57,5,2
13313,1555.32,23,5
13314,775.94,2,3
13316,5732.93,38,4
13317,2273.68,67,6
13318,640.76,2,3
13319,10845.550000000001,6,26
13320,1532.2,79,4
13321,567.36,73,2
13322,199.48000000000002,18,1
13323,787.85,4,5
13324,7121.95,37,10
13325,675.3,82,1
13327,3627.77,39,8
13328,1308.48,317,1
13329,789.0,32,2
13330,1140.93,93,3
13332,350.9,15,1
13334,3502.32,83,3
13336,795.12,78,1
13338,487.02,158,1
13339,860.12,201,1
13340,10736.48,46,7
13341,775.85,261,1
13343,353.43,178,1
13344,2511.69,68,3
13345,389.5,288,1
13347,341.36,71,1
13348,233.76,65,1
13349,247.32,11,1
13350,979.12,17,2
13351,373.94,67,1
13352,397.97999999999996,61,1
13354,743.53,72,1
13355,674.7,123,1
13356,768.24,81,1
13357,609.4,258,1
13358,439.03,269,1
13359,439.56,64,1
13362,3090.7400000000002,10,4
13363,992.5,18,2
13364,134.95999999999998,72,1
13365,2225.37,34,2
13366,56.160000000000004,51,1
13368,623.4,257,2
13369,308.28000000000003,366,1
13370,754.87,372,1
13372,378.64,90,1
13373,3312.25,61,3
13375,778.65,89,1
13376,1019.76,100,3
13379,572.56,27,3
13381,3639.31,32,6
13382,222.99,281,1
13384,4151.93,31,7
13385,534.57,330,1
13388,677.1,132,2
13389,797.96,12,3
13390,544.08,75,1
13391,59.8,204,1
13394,2520.02,2,8
13395,307.72,186,1
13396,1360.99,30,2
13397,1544.13,73,5
13398,457.34,193,1
13402,621.23,128,2
13403,75.0,18,1
13404,252.49,2,2
13405,572.451,75,3
13408,28117.04,2,62
13410,1003.06,25,5
13411,213.55,108,1
13414,1390.5,134,3
13416,712.5,44,2
13417,640.83,5,2
13418,6127.43,12,18
13419,221.06,64,1
13420,159.85,150,2
13421,1833.71,41,2
13422,2626.3,65,1
13425,1624.21,109,3
13426,3641.32,1,10
13427,582.6,20,3
13428,201.78,11,1
13429,1006.8,11,4
13430,679.45,19,2
13431,1269.1,68,2
13434,534.24,75,2
13435,3809.8900000000003,6,7
13436,196.89,2,1
13437,3408.06,15,7
13439,283.71,256,1
13441,296.64,92,1
13447,1129.14,24,3
13448,3534.69,17,6
13449,291.88,24,1
13450,2043.7199999999998,27,6
13451,2898.2599999999998,27,5
13452,590.0,260,2
13453,356.97999999999996,166,2
13455,1058.34,25,2
13456,1766.72,18,6
13458,9646.57,8,14
13460,183.44,30,2
13461,1445.0,39,3
13462,151.5,253,1
13464,674.68,59,1
13466,307.9,185,1
13467,1071.91,11,2
13468,5704.97,2,37
13470,165.0,100,2
13471,2501.84,2,4
13473,422.64,61,2
13474,226.84,237,1
13475,1431.78,192,4
13476,1238.47,179,2
13477,1454.58,38,6
13479,300.95,201,2
13481,1804.56,46,5
13482,184.64,233,1
13483,140.34,66,1
13484,313.8,242,1
13485,454.24,234,1
13486,1122.41,79,3
13487,575.4,58,3
13488,8968.31,18,13
13489,449.52,106,4
13491,1215.82,52,10
13492,1269.84,137,3
13493,618.63,276,2
13494,316.26000000000005,312,1
13495,2044.8700000000001,8,5
13496,653.33,11,2
13497,348.05,283,2
13499,1159.11,18,5
13500,1166.77,24,3
13501,1340.32,289,1
13502,292.0,17,3
13503,216.85,72,1
13504,295.93,65,1
13505,4393.63,73,4
13506,458.52,317,2
13507,2479.16,4,4
13508,110.97,244,1
13509,979.72,9,7
13510,1791.56,2,4
13512,251.21,261,1
13513,205.1,127,1
13514,152.20000000000002,74,1
13515,891.12,73,4
13516,1389.41,22,3
13517,2128.42,60,3
13518,627.16,86,1
13519,122.75,79,1
13520,3624.35,59,6
13521,1071.73,2,3
13522,125.80000000000001,31,1
13523,3964.88,34,5
13524,680.1800000000001,41,5
13525,628.78,15,2
13527,2242.36,34,7
13529,307.76,79,2
13531,483.8,206,2
13532,210.31,34,1
13533,269.09,183,3
13534,5870.08,3,25
13536,3444.39,2,7
13538,1280.85,44,7
13539,631.34,86,3
13544,276.06,40,2
13546,621.09,13,3
13548,678.16,97,2
13549,918.2,26,7
13551,91.80000000000001,320,1
13552,3740.07,67,12
13555,4098.88,74,4
13557,584.06,29,2
13558,594.52,6,4
13560,171.42000000000002,8,1
13561,141.85999999999999,216,1
13562,1799.33,82,3
13563,777.53,85,2
13564,1724.67,145,3
13565,240.22,20,2
13566,856.84,41,2
13568,187.05,174,1
13569,338.62,18,2
13570,239.49,244,1
13571,2088.94,13,12
13572,1384.25,206,1
13573,290.25,51,2
13575,732.0699999999999,24,5
13576,6717.34,11,18
13577,1687.6000000000001,26,4
13579,467.04,15,2
13581,118.0,310,1
13583,781.03,156,1
13584,142.4,307,1
13587,712.4,64,1
13588,2478.95,16,9
13589,379.65,15,2
13590,1981.92,12,6
13591,1117.13,65,3
13592,247.95999999999998,36,4
13593,2011.88,109,5
13594,396.97,53,1
13596,664.11,6,2
13598,160.04,48,1
13599,5149.92,2,21
13600,219.52,313,1
13601,693.32,46,2
13602,428.89,65,1
13603,164.34,27,1
13606,276.75,30,3
13607,675.51,41,1
13610,1082.33,13,7
13611,1154.4,90,3
13614,1585.46,25,4
13615,417.69,319,1
13617,544.18,41,3
13618,177.34,174,1
13621,213.85,117,1
13623,727.74,31,5
13626,257.23,253,1
13627,1638.47,60,5
13629,7792.36,24,11
13630,2031.78,6,7
13631,3070.42,100,11
13632,2118.93,25,5
13634,1547.3600000000001,34,5
13635,1071.03,68,1
13636,949.12,37,5
13637,804.3,53,3
13638,122.64,16,1
13639,1033.34,75,1
13642,312.28,216,1
13643,519.44,32,3
13644,2624.26,17,4
13645,252.1,121,1
13647,1648.1200000000001,10,4
13649,346.6,257,2
13650,1836.34,17,6
13651,94.2,36,2
13652,1095.08,46,3
13654,2707.33,44,6
13655,932.97,115,2
13656,379.65,165,2
13657,382.14,11,2
13658,2639.17,10,5
13659,1563.0,206,2
13662,881.26,86,3
13663,189.47,180,1
13666,84.65,61,3
13667,299.05,150,1
13668,6309.83,3,21
13669,218.55,51,2
13670,349.7,76,1
13672,186.39000000000001,302,2
13673,387.44,19,2
13675,486.82000000000005,152,2
13678,232.6,152,1
13680,3719.12,2,4
13681,827.83,18,4
13682,59.5,188,1
13684,65.13,286,1
13685,3119.44,3,7
13686,72.0,183,1
13689,910.0,64,1
13690,172.25,60,1
13692,1488.32,25,3
13694,65039.62,4,50
13695,2504.13,32,15
13697,151.29999999999998,39,1
13699,308.58000000000004,156,1
13700,2248.63,27,10
13703,99.5,319,1
13704,2308.06,6,9
13705,711.86,8,3
13706,330.79,303,1
13707,806.41,268,2
13708,285.33,272,1
13709,6307.650000000001,4,13
13710,180.48,32,1
13711,252.06,219,2
13712,228.84,247,1
13715,1077.39,282,5
13716,138.28,270,1
13717,1445.01,33,6
13718,306.55,247,2
13719,1041.68,16,5
13720,799.9,117,4
13721,524.14,37,1
13722,2375.41,132,3
13723,199.85000000000002,218,1
13725,1980.56,50,8
13726,1079.6599999999999,39,2
13727,333.48,29,2
13728,1016.14,37,6
13730,752.6,136,2
13731,610.59,220,2
13732,491.86,29,1
13735,2883.54,25,4
13736,729.8,6,2
13737,339.59999999999997,201,1
13739,216.9,19,1
13740,350.75,241,1
13741,668.4300000000001,72,3
13742,3107.87,17,12
13743,1341.6,3,7
13744,1080.52,96,2
13745,300.04,163,1
13747,79.6,374,1
13748,948.25,96,5
13750,1647.26,54,5
13751,296.25,289,1
13752,1175.38,125,6
13753,741.26,288,1
13754,282.59999999999997,152,2
13755,2108.06,4,9
13756,5189.52,3,14
13758,3190.55,12,7
13759,659.4100000000001,34,2
13760,286.79,55,2
13761,1070.65,51,2
13762,306.72,219,1
13763,1714.96,64,1
13764,1519.42,71,3
13767,17220.36,3,37
13769,2796.51,3,10
13771,2634.45,65,4
13772,1122.63,34,3
13774,345.0,82,1
13777,25977.16,1,33
13778,178.7,104,1
13780,360.01,8,2
13781,127.84,251,1
13782,908.86,13,6
13784,2462.79,10,11
13786,230.39999999999998,368,1
13787,309.04,76,2
13790,348.8,5,1
13791,1516.0,128,2
13792,195.55,67,2
13798,37153.85,2,57
13799,688.86,117,2
13800,558.32,310,1
13801,324.8,67,1
13802,4599.42,139,3
13803,277.07,256,1
13804,2588.39,31,7
13805,924.6,53,2
13806,256.38,64,1
13807,112.6,368,1
13808,1747.66,6,5
13809,155.05,306,1
13810,1499.01,29,3
13811,814.5,184,3
13812,539.0,43,3
13813,1366.8600000000001,40,4
13814,1579.12,93,2
13815,4027.36,23,4
13816,571.6700000000001,24,2
13817,382.98,30,2
13819,1140.35,302,3
13821,385.64,145,2
13822,632.0,6,2
13823,957.66,19,2
13824,1698.94,33,5
13826,189.5,177,1
13827,409.8,58,3
13828,209.49,23,1
13831,2198.45,17,6
13832,52.199999999999996,20,1
13833,383.85,160,1
13835,834.57,26,4
13837,266.59000000000003,212,2
13838,674.82,6,4
13841,85.0,253,1
13842,3385.62,59,9
13844,361.62,12,1
13845,312.98,65,1
13846,865.0600000000001,25,3
13848,1255.0,93,3
13849,1537.95,52,2
13850,1595.48,130,1
13851,2651.46,96,3
13853,1090.14,58,1
13854,8109.5199999999995,9,25
13856,388.5,169,3
13858,216.17,58,1
13859,201.16,327,1
13860,1245.9,2,5
13862,2209.36,19,8
13863,305.78,248,1
13865,501.56,59,4
13866,145.67000000000002,75,1
13867,1005.09,32,3
13868,3192.54,8,2
13869,3083.65,124,4
13870,2770.94,3,8
13871,6403.25,23,13
13873,389.6,120,3
13874,540.45,359,1
13875,1786.79,54,5
13876,122.7,64,1
13877,117.24,87,1
13878,1271.57,55,1
13880,3219.77,22,13
13881,17159.52,4,20
13882,1191.13,3,5
13883,2674.48,11,5
13884,787.6,8,5
13885,506.8,190,2
13886,243.56,72,1
13887,349.55,205,1
13888,595.67,120,2
13889,416.90000000000003,93,1
13890,1883.8100000000002,2,10
13892,632.97,27,4
13893,821.1,298,1
13894,564.62,24,3
13895,2593.07,29,4
13897,311.16,51,1
13898,155.93,326,1
13899,388.52,17,2
13900,740.95,184,3
13901,2867.2,73,5
13904,332.64,38,2
13908,2369.55,80,4
13911,2580.91,58,9
13914,626.45,12,2
13917,272.04,50,2
13918,1212.8400000000001,50,2
13919,384.81,60,2
13922,172.25,352,1
13923,351.13,54,1
13924,1838.8500000000001,2,6
13925,678.25,93,4
13926,223.85000000000002,24,1
13927,348.99,75,1
13928,464.57,11,4
13929,842.65,170,2
13930,337.34,58,2
13931,1237.53,96,2
13932,307.4,295,1
13933,608.7900000000001,110,2
13934,922.1,264,1
13936,376.58,180,1
13937,158.85,170,1
13938,71.66,36,1
13939,568.55,24,3
13940,839.14,18,4
13941,5112.96,22,5
13946,561.5699999999999,80,3
13947,90.6,66,1
13948,102.0,361,1
13949,2427.32,3,6
13950,745.06,12,4
13951,674.45,177,3
13952,3251.071,218,2
13953,3515.68,8,7
13954,439.92,2,2
13955,322.96,155,2
13956,1019.27,6,5
13959,594.04,80,3
13960,230.22,22,2
13962,169.55,22,2
13963,664.54,309,4
13967,80.7,146,1
13969,9024.17,8,18
13971,2758.26,19,8
13972,190.25,71,2
13973,264.7,288,1
13974,413.59000000000003,50,1
13975,2461.2400000000002,32,6
13976,357.98,207,1
13978,196.79000000000002,15,2
13979,869.87,74,1
13980,200.14,61,1
13982,1871.81,40,4
13983,2603.43,30,12
13984,920.51,27,5
13985,7060.13,5,15
13986,320.46,18,1
13988,4147.96,20,6
13989,1266.08,66,2
13990,311.3,214,1
13991,852.88,13,6
13992,76.8,31,1
13993,3466.36,43,9
13994,2274.14,4,6
13995,1393.69,16,5
13999,3901.81,11,12
14000,635.66,212,1
14001,2043.0800000000002,46,3
14002,529.73,135,2
14004,4582.64,44,7
14005,2874.72,10,5
14006,962.19,116,3
14009,695.61,199,2
14012,328.8,278,1
14013,473.02,111,3
14014,505.18,78,1
14015,917.34,53,1
14016,4341.21,162,4
14019,1421.61,47,3
14020,642.8,17,2
14021,631.9,156,3
14022,440.0,226,1
14023,584.07,8,2
14024,327.7,122,2
14027,104.82,61,1
14029,467.66,64,2
14030,2358.84,19,8
14031,17286.86,8,19
14032,2975.59,3,11
14034,648.89,23,3
14035,1428.02,29,5
14036,626.65,285,1
14037,147.20000000000002,177,2
14038,1560.38,79,3
14039,152.2,34,1
14040,3560.32,41,12
14041,141.41,267,1
14044,646.42,27,4
14045,1659.75,110,4
14046,154.99,285,1
14047,1308.6100000000001,9,5
14048,409.93,306,1
14049,5578.72,17,4
14050,746.36,32,2
14051,15610.390000000001,1,23
14052,225.36,20,1
14053,260.25,125,2
14054,92.46,66,1
14055,725.6400000000001,107,1
14056,8152.71,2,23
14057,6211.66,24,17
14059,183.6,267,1
14060,6140.42,5,19
14062,10464.85,10,12
14064,1334.34,30,5
14066,152.55,267,1
14067,374.7,64,2
14068,265.85,321,1
14071,1437.57,4,8
14073,151.04,33,1
14075,942.26,5,3
14076,118.67,130,1
14077,499.41999999999996,41,5
14078,1049.37,102,6
14079,375.1,125,1
14080,45.599999999999994,33,1
14081,921.62,303,2
14082,182.25,365,1
14083,1002.9,5,9
14085,4421.29,3,18
14087,191.47,3,1
14088,50491.81,11,13
14089,158.75,57,1
14090,76.32000000000001,325,1
14092,4076.91,8,14
14093,433.86,13,1
14096,65164.79,5,17
14098,147.35,37,1
14099,3104.17,17,11
14100,191.95000000000002,138,1
14101,5976.79,74,6
14102,1105.8799999999999,6,5
14104,216.20999999999998,155,2
14105,1266.23,240,1
14107,2703.23,52,7
14108,597.91,31,2
14109,144.2,73,1
14110,5683.15,4,12
14111,692.85,15,4
14112,2915.15,23,7
14113,1840.42,4,4
14114,386.53,274,2
14116,1382.74,20,5
14117,90.0,144,1
14121,2780.15,4,4
14124,419.58000000000004,85,1
14125,2720.63,11,3
14126,706.1300000000001,8,3
14127,709.71,123,3
14128,637.5,61,2
14129,1123.8600000000001,2,5
14130,480.91,320,1
14132,3586.0299999999997,3,11
14133,605.64,130,3
14135,4690.31,2,15
14138,965.8800000000001,2,2
14139,415.82,47,1
14140,935.05,4,2
14141,915.13,3,4
14142,311.81,374,1
14143,115.8,134,1
14145,3742.2,47,4
14146,4191.0,9,5
14147,483.4,79,2
14148,157.2,234,1
14149,446.62,221,1
14150,658.64,36,2
14152,621.29,76,2
14154,1345.62,240,2
14155,118.75,267,1
14156,117210.08,10,55
14157,424.89000000000004,20,2
14158,507.66,41,1
14159,4630.35,20,11
14161,1097.6200000000001,216,3
14162,289.36,174,2
14163,2445.91,88,4
14164,1631.77,71,2
14165,120.44,276,1
14167,562.59,40,4
14171,363.79,99,1
14173,450.84,11,4
14174,134.46,34,1
14175,3222.3,60,3
14176,576.9000000000001,298,4
14177,549.46,87,4
14178,1600.26,9,7
14179,701.57,41,2
14180,4748.52,11,25
14184,452.89,67,1
14185,197.65,332,1
14188,2054.36,31,6
14189,4654.08,3,15
14191,4684.76,2,13
14193,853.39,68,2
14194,11349.52,5,21
14195,1012.0,202,2
14196,335.52,107,1
14198,701.4,19,4
14199,185.39999999999998,219,1
14201,747.44,61,7
14204,150.61,3,1
14205,466.7,17,2
14206,328.15999999999997,240,1
14208,151.74,95,1
14209,2073.43,11,6
14210,1905.8400000000001,106,6
14211,2241.1,54,9
14212,1070.48,90,1
14214,1004.38,31,5
14215,1789.72,12,6
14216,1839.3,4,4
14217,2004.98,2,17
14218,169.48000000000002,43,1
14219,89.94,5,1
14220,632.4,248,2
14221,3432.8,43,9
14222,683.17,178,1
14223,991.13,93,3
14224,1009.73,111,4
14226,2214.79,29,5
14227,3350.96,27,10
14229,1547.2,52,3
14231,925.71,184,3
14232,2048.07,43,5
14233,1462.72,50,4
14234,754.12,23,4
14235,3144.86,76,5
14236,490.86,81,2
14237,161.0,374,1
14238,146.85,327,1
14239,2380.85,44,11
14240,890.34,31,2
14241,213.70000000000002,184,1
14242,280.55,235,2
14243,2588.77,9,10
14245,1693.45,220,2
14246,1474.06,111,3
14247,136.76999999999998,279,1
14248,302.58,319,1
14250,1904.05,8,3
14251,2879.7000000000003,2,5
14256,969.0600000000001,261,2
14257,3099.7200000000003,65,5
14258,12669.98,10,9
14259,120.0,142,1
14261,1163.45,51,2
14262,2618.23,9,8
14264,333.97,155,2
14265,530.18,110,2
14267,1516.24,163,3
14270,492.65000000000003,332,1
14271,112.32,226,1
14272,437.96,74,2
14273,559.97,52,4
14276,1119.74,99,3
14277,4188.0,16,3
14280,134.04,197,1
14282,3701.44,4,15
14284,595.25,31,2
14285,1910.01,22,4
14286,4628.75,24,3
14287,176.63,9,3
14288,426.6,214,1
14289,911.26,9,6
14290,2314.65,12,5
14291,3883.25,2,11
14292,4871.93,8,9
14293,1046.56,4,4
14295,166.20000000000002,41,1
14297,1305.33,18,4
14298,51527.3,9,44
14299,3965.62,9,9
14300,43.2,19,1
14301,640.14,118,1
14304,383.45,223,1
14305,1858.96,72,3
14306,2093.32,52,2
14307,2995.72,89,6
14309,2352.53,9,9
14311,310.26,243,1
14312,1611.59,47,6
14314,120.0,107,1
14315,2481.13,45,6
14317,508.58000000000004,65,1
14320,477.79,207,2
14321,1530.75,11,5
14323,605.0600000000001,115,2
14326,183.85,243,1
14327,311.65,164,1
14329,4975.24,18,7
14331,462.65999999999997,125,2
14332,840.21,23,3
14333,415.2,68,1
14334,2552.21,17,8
14335,454.86,17,2
14336,1614.91,17,4
14338,588.22,162,2
14339,309.52,243,1
14340,134.7,219,1
14341,2166.98,46,8
14342,668.5600000000001,22,4
14344,889.9300000000001,128,8
14345,108.97999999999999,39,1
14346,1021.58,121,2
14348,409.57,261,1
14349,133.5,11,1
14350,282.93,275,1
14351,51.0,165,1
14352,1078.96,158,4
14353,90.6,216,1
14354,163.62,6,2
14355,174.4,366,1
14356,701.23,80,2
14357,225.12,44,1
14359,912.18,20,3
14360,2118.03,32,4
14362,151.5,23,1
14364,3717.35,109,8
14367,9227.82,9,16
14368,155.0,320,1
14371,100.5,296,1
14373,76.55,359,1
14375,235.56,186,1
14377,617.05,192,2
14379,348.1,45,2
14381,202.68,53,1
14382,615.49,27,1
14383,1247.69,39,3
14385,202.11,10,3
14386,142.4,297,1
14387,1727.6,33,3
14388,3212.84,11,8
14389,1043.46,66,2
14390,4642.57,11,9
14393,67.95,219,1
14395,3479.91,3,9
14396,487.99,66,2
14397,2612.96,3,19
14400,574.7,150,1
14401,4051.48,5,13
14403,1475.81,131,4
14404,1449.32,34,6
14406,156.75,120,1
14407,2157.73,108,6
14408,2599.03,11,7
14409,2059.4500000000003,72,6
14410,1100.27,93,9
14411,1063.0,311,1
14412,770.03,43,2
14413,121.05,363,1
14414,1496.98,92,7
14415,5855.57,2,13
14416,490.22,23,2
14418,1937.25,4,3
14419,1051.79,11,6
14420,387.52,100,1
14421,813.11,58,2
14422,4263.64,1,6
14423,265.2,219,1
14424,322.08,18,1
14426,4481.67,24,10
14427,363.34000000000003,51,2
14428,1224.06,8,5
14431,470.36,303,1
14432,2248.5,10,6
14434,1372.8,22,6
14436,89.06,99,1
14437,63.0,366,1
14438,131.9,307,1
14439,2661.24,320,1
14440,2357.6800000000003,9,5
14441,1712.89,1,4
14442,1589.82,205,2
14443,1420.2,54,4
14446,1010.35,1,4
14447,1163.23,19,5
14448,375.35,10,2
14449,885.8,19,4
14450,483.25,181,3
14451,643.9,61,2
14452,259.05,11,2
14453,119.93,191,1
14456,3017.28,6,9
14457,113.64,311,1
14459,1837.92,156,1
14460,434.34,111,3
14461,2103.06,149,3
14462,1980.57,67,11
14463,529.62,99,3
14465,1038.44,247,3
14466,2272.4,30,7
14467,596.26,18,4
14470,461.19,12,2
14472,1852.67,104,8
14473,234.34000000000003,75,2
14474,547.66,47,1
14475,925.85,72,3
14476,193.0,258,1
14477,1309.6,20,4
14479,316.25,254,2
14480,279.05,12,1
14481,636.51,165,2
14482,2022.81,19,6
14483,137.1,282,1
14484,321.92,51,1
14485,162.8,39,1
14487,1165.48,27,6
14488,1064.28,68,1
14489,463.38,208,1
14491,340.93,176,2
14493,2383.2400000000002,8,5
14494,139.56,26,1
14495,123.8,51,2
14496,538.8100000000001,312,2
14497,475.37,310,1
14498,1957.32,43,5
14499,808.44,27,3
14500,356.85,89,3
14501,251.21,184,2
14502,2429.83,20,11
14503,3543.26,4,6
14504,673.26,48,4
14505,5859.43,18,8
14506,1960.65,18,5
14507,1367.88,24,6
14508,268.05,23,2
14511,1314.81,12,5
14512,275.28,188,2
14513,455.59000000000003,101,3
14514,990.2,62,3
14515,2076.89,18,6
14517,330.45,34,2
14518,174.37,65,1
14520,270.6,2,2
14522,974.54,25,4
14523,241.09,109,1
14524,1843.83,32,9
14525,4215.9,20,9
14527,8507.13,3,55
14528,364.21999999999997,38,1
14529,578.61,61,3
14530,2862.11,26,6
14532,932.85,237,4
14533,1949.72,25,7
14534,4397.3,3,18
14535,2854.84,61,3
14536,170.95,260,1
14537,355.56,58,1
14538,388.25,65,2
14539,537.48,16,2
14540,952.66,10,3
14541,1453.35,59,8
14542,103.25,186,1
14543,3599.73,29,16
14544,2004.3,25,2
14546,2573.93,6,5
14547,3974.75,4,8
14548,652.8,151,2
14549,289.24,312,1
14550,757.37,11,2
14551,186.23,19,2
14552,164.22,152,1
14553,859.27,20,5
14554,2279.4900000000002,11,4
14555,312.54,58,2
14557,788.38,86,1
14560,2237.77,8,22
14561,1080.76,76,3
14562,5006.77,4,18
14565,3099.12,96,4
14566,1432.0,111,1
14567,1530.3600000000001,57,2
14569,227.39,2,1
14570,218.06,281,2
14572,2804.54,4,7
14573,1639.82,180,9
14576,35.400000000000006,373,1
14577,859.71,13,4
14578,168.63,4,1
14581,138.6,17,1
14582,114.11,41,1
14583,986.96,6,5
14584,1033.06,170,4
14585,157.05,51,1
14586,237.36,277,1
14587,1580.29,19,9
14589,39.75,372,1
14591,1320.21,16,4
14592,557.94,36,3
14593,617.15,22,3
14594,363.33,8,2
14595,1740.6,20,6
14597,866.24,12,2
14598,221.97,45,1
14600,393.33000000000004,306,1
14601,213.96,11,1
14603,660.0,275,1
14606,12076.15,2,93
14607,16209.5,16,14
14608,1785.15,5,4
14609,601.56,73,4
14616,406.08000000000004,243,3
14618,553.44,10,3
14619,394.44,246,1
14620,412.78000000000003,206,2
14621,1788.3600000000001,2,5
14622,320.58000000000004,185,1
14623,886.7,33,5
14624,225.85,58,2
14625,899.63,197,2
14626,2791.27,24,4
14628,671.96,92,2
14629,955.26,5,2
14631,1006.98,51,3
14632,114.56,263,1
14633,344.90000000000003,267,1
14636,609.85,37,2
14638,443.6,51,1
14639,2984.49,53,6
14640,2107.38,25,6
14641,110.46,22,1
14642,96.12,59,1
14643,693.8100000000001,171,2
14644,830.76,68,2
14645,597.09,157,2
14646,280206.02,2,73
14647,236.04000000000002,202,1
14649,1402.59,5,4
14651,653.75,68,2
14652,114.18,78,1
14653,1926.65,2,7
14655,1932.23,9,4
14656,291.05,170,2
14657,848.22,18,4
14658,247.15,6,2
14659,2529.93,9,9
14660,285.74,87,2
14661,107.95,27,1
14662,741.37,29,4
14664,636.24,20,2
14665,1835.7,61,5
14666,195.25,25,1
14667,9175.04,11,25
14669,1259.24,242,3
14670,392.86,281,2
14672,765.55,235,2
14673,1736.4,4,5
14675,596.36,17,1
14676,2548.2400000000002,32,6
14680,28754.11,26,16
14681,498.95,72,3
14682,52.0,188,2
14684,1201.51,26,5
14687,628.38,107,1
14688,5579.1,8,21
14689,112.8,209,1
14690,355.05,45,2
14691,2114.33,31,5
14692,591.55,138,4
14693,172.9,265,1
14696,2078.95,5,7
14697,188.60999999999999,219,2
14698,1217.27,2,5
14699,109.13000000000001,215,1
14700,2195.1,33,3
14701,2526.09,11,9
14702,3251.79,2,17
14703,318.17,15,1
14704,1493.96,12,9
14705,179.0,199,1
14708,1126.37,3,3
14709,4921.04,16,13
14710,599.48,15,4
14711,2839.62,11,11
14712,917.07,30,3
14713,2662.2,10,11
14714,160.19,25,1
14715,867.38,25,4
14716,307.51,44,2
14719,1581.84,2,5
14720,663.81,6,3
14722,180.42000000000002,148,1
14723,1122.3600000000001,11,6
14725,655.58,25,1
14727,268.58,275,1
14729,313.49,374,1
14730,1897.57,2,8
14731,380.02,48,3
14732,2702.4900000000002,9,8
14733,9585.91,17,12
14735,6065.69,4,32
14737,1164.55,4,3
14738,1314.45,43,7
14739,3902.28,5,7
14740,1448.21,198,3
14741,1400.34,12,6
14744,1099.98,17,7
14745,1220.26,113,5
14747,328.2,250,1
14748,1415.75,30,5
14752,389.64,44,1
14753,563.15,88,1
14754,638.05,45,2
14755,5010.28,10,11
14756,738.96,16,1
14757,420.5,76,1
14758,1484.06,145,4
14759,1625.97,5,3
14760,89.2,298,1
14761,255.9,59,2
14762,300.52,264,1
14764,278.3,47,1
14765,254.11,30,3
14766,2473.37,9,6
14768,192.60000000000002,18,2
14769,10413.08,3,8
14770,876.42,233,2
14772,139.26,113,1
14775,1011.9,59,3
14776,2538.3,52,11
14778,730.86,128,2
14779,386.15,281,3
14780,447.68,55,2
14782,200.10000000000002,320,1
14784,289.99,27,2
14785,77.4,11,2
14788,679.4399999999999,8,2
14789,197.64,29,1
14790,745.06,17,4
14792,6.2,64,1
14793,228.99,22,1
14794,1319.91,3,7
14795,131.45000000000002,167,1
14796,7975.49,2,17
14798,173.74,53,3
14799,157.7,52,1
14800,4331.79,48,12
14801,189.34,62,1
14803,845.55,163,3
14804,353.27,9,1
14805,546.4,16,4
14806,193.39000000000001,76,1
14808,2718.6,40,8
14810,2085.33,41,11
14813,152.88,370,2
14815,778.5,37,2
14816,271.85,198,1
14817,1110.34,201,2
14818,657.8,74,3
14819,272.07,65,2
14820,507.29,22,4
14821,48.800000000000004,367,1
14823,321.43,181,3
14824,1127.71,11,4
14825,2221.01,4,12
14828,2139.76,197,3
14829,697.55,30,4
14830,188.88,54,1
14834,1720.3,18,6
14836,102.44999999999999,11,3
14837,1649.5,90,4
14840,62.85,268,1
14841,3295.76,54,6
14842,2824.69,44,4
14844,3189.81,64,4
14847,309.4,149,1
14849,7930.54,22,25
14850,325.75,312,1
14851,511.35,24,2
14852,2836.69,59,6
14853,475.8,25,2
14854,2740.03,79,7
14855,645.65,120,2
14856,1290.53,37,3
14857,1173.12,60,2
14859,1353.74,13,4
14860,170.32,20,1
14861,125.79,53,1
14862,841.1999999999999,26,2
14863,266.76,30,1
14865,52.2,8,2
14866,14389.9,11,12
14867,710.28,186,3
14868,2953.59,4,8
14869,721.45,9,2
14870,327.25,262,1
14871,501.28000000000003,4,4
14873,519.68,211,1
14875,1465.3200000000002,108,2
14878,1476.09,13,9
14880,690.59,78,3
14881,255.4,20,1
14882,589.7,27,2
14883,761.59,19,6
14885,765.3199999999999,132,1
14886,364.8,253,1
14887,1862.0,80,1
14888,369.2,208,1
14889,135.9,337,1
14890,125.65,254,1
14891,554.38,149,2
14893,1237.8500000000001,10,2
14894,655.75,86,1
14895,11138.710000000001,8,20
14896,468.77000000000004,205,2
14897,1366.38,8,4
14898,1269.31,24,6
14901,1421.29,12,9
14902,332.66,26,1
14903,2795.33,22,5
14904,1025.44,3,2
14905,616.15,158,2
14907,3501.1,4,7
14908,277.8,75,1
14910,434.35,3,4
14911,143711.17,2,201
14912,867.85,17,2
14913,1227.43,36,4
14915,307.48,92,2
14916,1268.98,71,4
14918,1610.15,116,2
14920,977.77,213,2
14921,1316.07,31,2
14923,749.1,51,1
14924,310.05,246,1
14929,223.88,33,1
14930,2362.96,109,3
14931,1257.68,5,5
14932,363.53,366,1
14934,1890.94,82,2
14935,1784.71,298,1
14936,8137.02,34,8
14937,1621.88,57,3
14944,5900.25,30,12
14946,100.9,15,1
14947,290.82,73,2
14948,1101.97,24,6
14950,371.2,20,1
14951,311.69,80,1
14952,8099.49,60,11
14953,285.67,26,1
14954,294.85,13,1
14957,58.49,254,1
14958,483.72999999999996,148,3
14959,695.42,65,4
14960,221.27,9,2
14961,7044.68,11,9
14962,126.7,271,1
14963,1472.34,10,5
14964,206.21,248,1
14965,596.09,97,2
14966,183.02,15,1
14967,463.8,50,1
14968,147.59,31,1
14970,1592.06,69,4
14971,1097.98,36,3
14972,114.77,129,1
14973,1314.45,108,3
14974,89.94,38,1
14975,279.94,58,1
14976,790.86,58,7
14978,1921.3700000000001,73,5
14981,102.12,247,1
14984,202.37,20,2
14985,292.01,199,2
14987,326.4,16,2
14988,334.54,212,1
14995,231.98000000000002,39,2
14997,546.1999999999999,47,3
14998,414.87,171,2
15000,490.52,48,1
15002,1641.76,116,4
15004,1220.77,148,1
15005,6295.37,16,28
15006,480.38,52,1
15007,156.91,160,1
15009,1259.43,13,3
15010,308.94,36,1
15012,405.04,54,2
15014,257.67,44,2
15016,170.04,173,1
15017,125.58,34,1
15018,496.21000000000004,39,3
15019,252.81,267,1
15021,1871.77,9,9
15022,852.39,12,4
15023,6720.41,4,11
15024,1636.43,10,10
15025,361.96,34,1
15026,469.0,81,3
15027,1066.1499999999999,31,4
15028,627.13,9,4
15030,518.28,72,2
15031,653.19,5,4
15032,4959.1,257,3
15033,2557.18,5,10
15034,4274.16,16,8
15035,252.73000000000002,90,1
15036,429.56,73,3
15038,685.74,59,6
15039,19766.59,10,47
15041,179.93,171,1
15042,135.93,200,1
15043,537.0,32,1
15044,7634.7300000000005,20,17
15045,735.66,152,2
15046,5090.42,10,15
15047,343.62,270,1
15048,381.0,66,4
15049,121.17000000000002,274,1
15050,1737.69,26,3
15051,1383.3600000000001,24,3
15052,207.73000000000002,320,1
15053,693.95,5,3
15054,302.1,13,2
15057,1489.5,276,2
15058,2102.54,26,11
15059,1337.72,41,9
15060,294.25,9,4
15061,54534.14,4,48
15062,987.86,72,4
15063,370.79999999999995,214,1
15065,3158.13,38,4
15066,893.59,54,1
15067,1744.76,79,3
15068,553.36,47,2
15069,1109.53,180,1
15070,106.2,373,1
15071,982.07,94,2
15073,1043.41,10,3
15074,735.67,106,1
15075,773.03,78,1
15076,880.85,173,1
15078,9743.11,8,32
15079,895.61,213,4
15081,504.8,23,5
15083,88.2,257,1
15087,306.94,282,1
15088,1160.07,22,2
15089,2420.84,11,6
15090,381.32,309,1
15091,480.71,68,1
15092,457.81,216,2
15093,4597.02,19,6
15095,1370.6,104,4
15096,219.39000000000001,43,1
15097,248.08,5,1
15098,39916.5,183,3
15099,410.48,85,1
15100,876.0,334,3
15101,317.53,9,2
15103,703.36,32,2
15104,993.54,197,2
15105,2298.93,19,7
15106,1422.52,18,5
15107,319.5,312,6
15108,1300.25,142,4
15109,484.95,246,1
15110,996.1,24,4
15111,1567.48,30,3
15113,3509.43,10,3
15114,2760.56,31,10
15115,340.11,19,1
15116,1352.75,18,4
15117,1551.78,15,5
15118,244.8,135,1
15119,266.4,246,1
15120,358.82,134,1
15121,457.72,51,2
15122,1633.78,115,3
15123,2199.31,8,2
15124,184.19,23,2
15125,11528.48,26,15
15127,406.53,66,1
15128,1471.0,61,4
15129,3447.4,51,11
15130,330.11,170,1
15132,977.9300000000001,19,5
15133,982.42,128,3
15134,1387.99,15,8
15135,139.05,240,1
15136,1286.7,3,4
15139,178.96,240,2
15140,2354.25,53,7
15142,498.74,47,1
15143,259.45,226,1
15144,6580.44,9,17
15145,1194.73,5,4
15146,1327.16,165,2
15147,623.5,241,1
15148,301.29,11,1
15149,520.8000000000001,134,1
15150,5291.33,18,10
15152,4745.69,10,13
15153,329.25,32,1
15154,254.28,76,1
15156,961.49,2,3
15157,1936.07,4,3
15158,401.40000000000003,46,1
15159,18641.010000000002,2,30
15160,158.16,358,1
15163,304.47,19,2
15164,824.58,69,3
15165,487.75,374,1
15167,158.8,321,1
15168,106.56,26,1
15171,1289.5,332,1
15172,1624.05,9,5
15174,135.75,323,1
15175,224.14,72,1
15178,40.5,261,1
15179,2206.95,19,5
15180,87.5,368,1
15181,689.4799999999999,67,3
15182,622.85,155,2
15184,402.2,30,2
15185,310.62,71,1
15186,411.41,15,2
15187,4777.18,2,16
15189,16225.39,2,41
15192,1044.32,120,3
15193,499.32,61,1
15194,7616.53,4,15
15195,3861.0,3,1
15197,1079.6100000000001,11,3
15198,193.64,93,2
15199,1268.7,60,4
15201,1236.54,88,5
15203,1827.8,26,6
15204,316.58,358,1
15205,653.24,86,2
15206,420.29999999999995,11,4
15208,870.12,2,5
15210,331.18,226,1
15211,894.4100000000001,61,2
15212,101.8,242,1
15213,328.35,319,2
15214,1661.44,2,8
15215,734.94,47,3
15216,96.6,88,1
15218,5756.89,11,11
15219,305.75,177,1
15220,1778.96,52,6
15221,403.25,367,1
15222,585.0,319,1
15223,755.75,226,2
15224,322.08,359,2
15225,409.40000000000003,235,1
15226,154.41,311,1
15227,1219.4,37,5
15228,3386.71,67,4
15230,429.6,240,2
15232,612.06,114,2
15234,197.0,277,1
15235,2247.51,218,12
15236,321.05,299,1
15237,1412.32,2,4
15238,1071.99,30,3
15239,780.59,11,2
15240,1706.57,45,5
15241,1756.44,67,8
15243,316.68,75,1
15244,631.57,66,2
15245,2515.84,135,3
15246,514.15,239,2
15247,356.0,123,1
15249,6688.46,32,13
15251,10484.99,10,11
15252,740.78,37,2
15253,918.1999999999999,17,5
15254,300.36,128,1
15255,890.85,67,1
15256,98.45,149,1
15257,317.15,284,1
15258,623.16,169,2
15260,1810.77,101,7
15261,254.82,136,1
15262,178.95000000000002,324,1
15263,156.51,107,1
15264,393.74,65,1
15265,1506.1200000000001,152,2
15266,119.3,339,1
15267,1717.36,23,5
15269,408.8,24,1
15270,2379.49,16,7
15271,2493.34,8,15
15272,721.94,58,2
15274,716.57,5,2
15275,615.14,38,1
15276,128.63,67,1
15277,255.89999999999998,47,1
15279,290.51,355,1
15280,113.12,173,1
15281,2332.15,59,9
15286,240.55,50,1
15287,486.69,23,2
15288,2306.52,44,5
15289,939.78,30,3
15290,7943.22,5,18
15291,4668.3,26,15
15292,178.39,202,1
15296,3672.86,51,6
15297,641.94,11,3
15298,4799.9,3,12
15299,4507.01,68,7
15300,496.44,65,1
15301,5049.95,51,12
15303,574.02,291,1
15304,694.4000000000001,61,8
15306,1174.35,65,3
15307,205.3,96,1
15308,310.47,275,1
15311,60632.75,1,91
15312,924.85,76,4
15313,52.0,111,1
15314,327.97,200,1
15315,570.5,65,2
15316,165.0,327,1
15318,312.62,4,1
15319,204.5,284,1
15320,267.13,45,1
15321,2748.31,71,3
15322,679.68,86,1
15325,161.74,104,1
15326,311.71,334,1
15327,208.75,53,1
15329,1049.7,40,3
15330,714.96,33,2
15332,1661.06,367,4
15333,1028.56,209,1
15334,350.82,157,3
15335,170.22,54,1
15339,574.07,67,2
15341,2020.52,81,1
15342,406.09,130,1
15343,364.5,88,1
15344,563.94,1,3
15345,393.54,46,1
15346,252.42000000000002,333,1
15347,201.60000000000002,367,1
15348,158.04,73,1
15349,463.90999999999997,159,2
15350,115.65,374,1
15351,1934.66,13,7
15353,770.12,255,2
15355,277.05,30,2
15356,2718.03,32,10
15358,8347.2,5,22
15360,427.93,40,1
15361,418.92,362,1
15363,326.0,373,1
15364,913.19,96,2
15365,2314.32,26,7
15366,602.51,76,2
15367,1877.59,58,4
15368,446.94000000000005,22,1
15370,2386.05,41,7
15372,2007.3999999999999,138,1
15373,2415.91,9,12
15374,168.0,129,1
15376,1221.56,41,3
15379,3703.29,170,7
15380,1690.2600000000002,9,5
15381,596.85,214,2
15382,5955.71,15,6
15384,642.41,170,2
15385,316.88,41,1
15386,394.14,187,1
15388,140.54,271,1
15389,500.0,173,1
15392,1535.53,5,4
15393,231.86,17,2
15394,2183.54,10,4
15395,107.45,326,1
15396,288.18,113,1
15397,94.0,290,1
15398,1345.53,17,2
15399,815.77,2,3
15400,716.2,93,5
15402,626.77,149,2
15405,349.1,190,1
15406,510.71000000000004,32,2
15407,1046.74,34,4
15408,267.18,265,1
15410,3450.84,85,8
15411,1348.93,27,4
15412,190.53,172,1
15414,774.9000000000001,10,3
15415,559.61,314,1
15416,3984.32,65,4
15417,508.8,86,1
15419,135.86,25,1
15421,950.36,59,4
15422,97.7,324,2
15423,43.5,39,1
15424,383.34,255,2
15426,1404.07,20,5
15427,1430.54,34,3
15428,93.78,16,1
15429,397.35,27,2
15432,171.19,24,1
15433,533.3,214,2
15434,1041.48,9,5
15435,149.29,23,1
15436,1067.75,13,3
15437,200.16,263,1
15438,156.57999999999998,132,1
15440,383.68,55,3
15442,594.0,249,1
15443,3213.59,2,7
15444,1411.21,10,2
15445,113.5,265,1
15447,155.17,331,1
15448,494.64,313,1
15449,974.52,27,3
15450,429.84,31,1
15452,528.48,30,3
15453,1371.77,2,7
15454,179.1,363,1
15456,434.59000000000003,284,3
15457,237.07,263,1
15458,161.64,26,1
15460,214.26,355,1
15462,234.6,95,3
15463,126.14,30,1
15464,1044.65,339,1
15465,7354.62,20,18
15466,334.53,86,1
15467,524.88,10,3
15468,467.51,52,2
15469,538.55,51,2
15471,454.48,3,1
15472,371.56,114,1
15473,1771.2,15,7
15475,454.10999999999996,78,1
15478,1399.92,41,2
15480,905.5,117,1
15482,10879.76,16,12
15483,225.26,162,4
15484,3590.41,2,4
15485,2564.5,31,3
15488,91.32000000000001,93,1
15489,1134.28,23,3
15491,3100.09,96,6
15492,659.4599999999999,29,2
15493,1953.41,33,5
15494,1280.58,22,2
15497,1262.2,18,2
15498,13316.4,3,27
15500,1131.56,9,4
15502,10384.93,16,12
15503,141.04,363,1
15504,52.83,82,1
15505,3610.96,53,5
15506,972.08,23,3
15507,475.86,172,1
15508,1000.27,190,6
15510,250.0,331,1
15511,900.53,12,5
15512,121.0,156,2
15513,14758.220000000001,34,19
15514,4023.7200000000003,13,11
15516,62.43,45,3
15517,267.03,234,1
15518,1921.55,65,8
15520,343.5,2,1
15521,3000.2,41,8
15522,397.99,33,2
15523,412.01000000000005,85,1
15524,440.0,25,1
15525,734.37,3,3
15526,148.44,34,2
15527,2428.53,19,8
15528,229.33,255,1
15529,3962.6,23,11
15530,1497.31,22,4
15531,1972.39,9,2
15532,1564.73,26,4
15533,807.57,20,3
15535,502.9,174,4
15537,110.92,164,1
15539,538.46,8,1
15540,213.3,12,1
15541,85.13000000000001,115,1
15543,127.86,289,1
15544,3546.71,10,9
15545,288.96999999999997,55,2
15547,4910.6,8,14
15549,1681.46,78,3
15550,575.63,5,4
15551,436.06,37,1
15552,90.12,218,1
15553,428.93,61,1
15554,217.2,278,1
15555,4794.86,13,16
15556,279.77,25,1
15557,468.91,29,1
15561,800.59,12,4
15562,134.55,352,1
15563,1400.44,23,4
15565,173.16,51,2
15567,186.01,19,1
15568,758.29,3,3
15569,1375.71,104,5
15570,4148.82,8,12
15571,650.4300000000001,12,4
15572,2533.42,5,7
15573,591.1899999999999,32,2
15574,675.64,178,4
15576,921.37,38,1
15577,258.88,152,3
15578,127.1,163,1
15579,327.6,69,2
15581,3675.77,121,13
15582,682.9100000000001,25,3
15584,720.86,24,4
15585,455.3,177,1
15587,913.6800000000001,51,4
15589,478.53000000000003,256,3
15592,388.58,47,1
15593,199.8,71,1
15594,1771.78,16,5
15596,1406.59,101,5
15597,324.57,36,1
15598,240.68,54,1
15599,761.74,27,2
15601,6776.56,12,14
15602,1297.8700000000001,9,9
15603,48.480000000000004,79,1
15604,216.39,53,1
15605,1198.23,37,5
15606,2920.16,62,9
15607,104.76,337,1
15608,1093.68,29,4
15609,298.48,185,1
15610,112.46000000000001,52,1
15611,1591.45,10,13
15612,195.15,37,2
15615,10399.74,11,23
15618,776.851,33,4
15619,336.40000000000003,11,1
15620,1553.18,57,3
15621,1293.03,5,4
15622,3709.56,44,9
15623,301.03,142,1
15624,588.13,117,4
15625,1534.26,104,4
15626,675.8,75,2
15628,2870.2400000000002,5,9
15630,1186.35,46,2
15632,3285.31,16,8
15634,243.55,18,1
15636,724.76,90,2
15637,223.36,53,1
15639,425.32,135,1
15640,12416.11,5,15
15641,1887.2,106,4
15643,664.0,192,3
15644,803.54,167,4
15645,612.01,19,1
15646,447.64000000000004,158,3
15648,639.5,205,2
15649,816.0,337,2
15651,646.3,37,3
15652,337.74,92,1
15653,877.4399999999999,93,2
15654,922.53,10,2
15655,560.67,244,1
15656,748.5,46,4
15657,30.0,23,1
15658,1024.1000000000001,191,5
15659,306.45,44,1
15660,1600.86,26,9
15661,309.8,318,2
15663,138.14,107,1
15664,386.43,51,1
15665,2222.21,169,2
15667,301.32,40,1
15668,76.32000000000001,218,1
15669,684.34,41,4
15670,173.05,297,1
15671,2657.13,19,7
15673,2726.23,89,4
15674,2446.6,74,5
15675,323.69,82,3
15676,3435.76,19,3
15677,657.23,50,1
15678,352.7,53,1
15679,781.28,25,4
15680,1333.68,10,3
15681,1426.16,26,5
15683,193.75,118,1
15687,2993.1,9,9
15689,254.1,120,2
15690,239.76,5,2
15691,136.8,253,1
15692,191.04,29,1
15694,6479.4,1,14
15695,409.98,267,2
15696,2711.11,34,8
15699,309.65,18,1
15700,696.68,173,2
15701,1529.0,3,4
15703,211.5,265,1
15704,2293.62,141,4
15705,143.1,202,1
15706,1060.56,64,4
15707,916.98,36,4
15708,3235.25,41,7
15709,133.25,284,1
15712,1072.3600000000001,10,5
15713,356.7,144,2
15714,330.03000000000003,12,2
15716,1101.1100000000001,146,4
15717,150.3,235,1
15719,5030.07,33,13
15720,598.73,25,1
15721,471.40000000000003,12,1
15722,2211.21,36,5
15723,190.7,365,1
15724,218.25,202,2
15725,415.25,16,1
15727,5159.06,17,7
15729,85.0,213,1
15730,1120.88,66,3
15732,294.12,213,2
15733,162.3,283,1
15734,1339.45,115,2
15737,1188.1200000000001,15,8
15738,4812.42,19,16
15739,449.12,67,1
15740,154.88,50,1
15743,775.96,17,4
15744,34.8,78,1
15745,1094.59,20,4
15746,196.88,135,1
15747,946.64,13,3
15748,144.36,41,1
15749,44534.3,236,3
15750,2463.05,3,8
15752,2626.6,40,7
15753,79.2,305,1
15754,458.57,52,3
15755,2364.25,11,6
15756,528.01,62,4
15757,714.42,66,2
15758,205.25,25,1
15759,253.04,219,3
15762,583.75,66,2
15763,1086.92,32,2
15764,3279.97,89,6
15766,315.06,65,1
15768,621.8299999999999,116,3
15769,56252.72,8,26
15773,635.6800000000001,6,1
15774,270.8,69,1
15775,104.9,246,1
15776,241.62,134,1
15777,1047.11,242,4
15780,475.28000000000003,184,3
15781,345.46,26,3
15782,2614.7400000000002,10,3
15783,246.3,11,1
15785,2328.9700000000003,33,5
15786,4919.0,47,3
15787,933.26,27,3
15789,351.3,359,1
15790,218.75,11,1
15791,1612.69,44,2
15793,965.61,15,3
15795,610.01,150,1
15796,2708.61,2,8
15797,2207.4,114,4
15799,884.14,76,3
15800,696.89,108,2
15801,1063.95,47,3
15802,451.42,143,1
15803,415.82000000000005,52,1
15804,4206.39,1,13
15805,5488.18,24,17
15806,784.58,47,3
15807,903.9,51,3
15808,3651.27,307,4
15809,515.77,37,5
15810,1391.98,79,4
15811,2218.62,23,6
15812,1801.14,108,5
15813,1303.9099999999999,208,2
15814,1945.33,17,4
15815,2100.6,64,5
15819,1905.45,50,4
15820,206.98,320,1
15821,570.96,45,2
15822,885.47,4,2
15823,15.0,373,1
15825,532.94,173,1
15826,1654.31,57,3
15827,1836.0900000000001,74,14
15829,636.14,100,2
15830,576.0,38,1
15831,794.64,59,3
15832,836.79,255,1
15834,2225.15,71,4
15835,954.09,45,4
15836,137.37,51,1
15837,391.98,65,1
15838,33643.08,12,19
15839,1048.49,34,3
15840,355.56,59,2
15841,1224.06,73,4
15843,118.95000000000002,304,1
15844,130.73999999999998,47,1
15845,3711.77,18,8
15847,389.27,39,2
15850,234.88,20,2
15852,160.71,187,2
15853,110.8,52,1
15854,2969.12,5,12
15855,712.24,137,5
15856,16143.64,5,27
15857,297.0,19,1
15858,1427.57,16,5
15860,965.16,41,8
15861,3146.92,13,8
15862,832.88,9,4
15863,68.84,26,2
15864,1936.3200000000002,23,6
15865,895.13,41,3
15866,211.89,102,1
15867,3810.14,6,15
15869,149.64,278,2
15870,351.44,33,1
15872,316.25,15,2
15874,4405.88,64,7
15877,490.33,2,2
15880,329.03000000000003,370,1
15881,501.39000000000004,313,5
15882,516.36,199,4
15883,396.48,3,2
15885,379.35,93,3
15886,181.09,61,1
15888,168.31,81,1
15889,420.07,157,2
15891,511.68,227,1
15894,258.25,254,2
15895,179.17,150,1
15897,208.59,195,2
15898,1383.83,2,5
15899,56.25,369,1
15900,337.28,24,1
15901,351.73,17,3
15903,5126.76,10,7
15904,164.68,9,1
15906,1567.69,20,7
15907,882.72,4,3
15909,191.94,174,1
15910,1228.88,1,8
15912,264.62,179,2
15916,1502.8600000000001,17,8
15917,123.1,248,1
15918,334.23,191,2
15919,525.69,20,2
15920,167.5,155,4
15921,323.03000000000003,173,1
15922,369.5,374,1
15923,127.08,373,1
15925,207.15,195,1
15930,426.63,68,1
15932,2495.87,5,8
15933,1107.46,22,3
15935,416.86,240,2
15937,145.35,65,1
15938,404.58,113,5
15939,6115.01,90,15
15940,35.8,312,1
15942,337.44,134,1
15944,325.1,277,1
15945,181.0,366,1
15947,1708.24,83,1
15948,955.24,9,2
15949,364.72,17,2
15950,1744.71,32,4
15951,708.22,9,2
15952,781.91,34,4
15953,1657.28,16,8
15955,4416.26,25,14
15957,428.89,32,1
15958,104.35,75,1
15963,470.76,20,2
15965,808.87,18,4
15967,397.68,24,2
15969,666.1,3,3
15970,314.1,304,1
15971,4199.85,18,12
15973,307.82000000000005,367,1
15974,3442.15,40,7
15975,371.01,85,1
15976,427.64,166,2
15977,1054.73,18,2
15978,1098.78,78,1
15980,2398.86,89,3
15981,3408.48,25,8
15983,1465.12,23,4
15984,2780.63,3,10
15985,1142.42,124,2
15986,168.12,31,1
15987,1432.77,13,7
15988,156.78,20,1
15990,792.11,45,2
15992,41.989999999999995,4,1
15993,2777.67,9,7
15994,414.27,55,1
15996,1032.58,89,6
15998,3080.22,37,5
16000,12393.7,3,3
16003,2735.37,30,5
16005,578.71,13,4
16006,101.4,212,1
16007,1693.81,48,4
16008,478.78,24,3
16009,972.11,23,4
16010,392.4,246,3
16011,3352.96,9,16
16012,1415.29,36,3
16013,37130.6,4,47
16014,646.83,38,3
16015,704.55,4,3
16016,1465.51,4,8
16017,211.88,48,1
16018,408.90000000000003,40,2
16019,3786.2400000000002,47,9
16020,851.01,17,3
16022,602.63,261,1
16023,719.81,47,3
16024,251.03,13,1
16025,439.65999999999997,30,1
16026,236.09,44,1
16027,934.62,92,6
16029,80850.84,39,63
16030,331.24,310,1
16031,547.9,93,2
16033,8778.82,6,20
16034,437.7,197,3
16036,758.92,88,2
16037,855.02,270,3
16038,471.78000000000003,8,3
16040,1313.55,66,3
16041,3166.4,31,3
16042,1177.47,23,5
16043,773.99,38,4
16045,1340.7,120,4
16048,256.44,374,2
16049,1074.81,41,3
16050,137.9,174,1
16052,362.06,55,1
16053,1511.95,33,2
16054,783.9,146,1
16055,134.8,221,1
16056,650.75,46,1
16057,2263.12,17,7
16059,1453.16,66,6
16062,1153.62,10,4
16063,335.32,261,1
16065,367.14,366,1
16066,1521.04,17,5
16070,852.15,23,2
16071,326.24,45,1
16072,584.3199999999999,289,1
16073,122.39999999999999,298,1
16076,2234.73,4,10
16078,79.2,284,1
16079,1352.0,17,3
16080,217.16,82,2
16081,2799.42,57,5
16083,1317.62,101,2
16084,436.18,300,1
16085,981.51,24,5
16086,1121.39,60,5
16091,315.06,155,2
16092,817.86,115,3
16093,17.0,107,1
16094,1078.23,12,4
16096,320.62,265,1
16097,185.04999999999998,241,1
16098,2005.63,88,7
16099,731.9,51,3
16101,1290.7,71,1
16102,1842.14,43,3
16103,1429.64,8,6
16104,298.21,62,1
16105,336.96,249,1
16106,108.38,66,1
16107,3204.1600000000003,18,7
16108,842.5,85,1
16109,611.88,219,2
16110,1320.95,46,3
16112,195.73999999999998,144,4
16113,161.38,184,1
16114,135.75000000000003,171,1
16115,1660.8799999999999,10,8
16116,612.78,212,1
16117,232.21,190,1
16119,423.36,9,2
16120,1309.14,60,4
16121,854.66,58,2
16122,684.4200000000001,74,4
16123,307.78,52,1
16124,249.0,318,1
16125,289.35,368,1
16126,6287.77,30,4
16127,656.25,40,1
16128,1880.22,18,5
16131,3506.54,52,6
16133,14589.04,4,33
16134,618.09,22,2
16135,517.55,263,1
16136,709.38,60,3
16139,635.41,19,3
16140,725.18,66,2
16141,620.4,89,1
16142,535.34,250,1
16143,2424.94,4,6
16144,175.2,247,1
16145,3799.4900000000002,9,11
16146,734.13,158,3
16147,375.0,134,1
16148,76.32000000000001,297,1
16149,280.52,5,2
16150,2053.02,43,5
16152,1829.04,269,1
16153,1824.23,50,5
16156,3092.04,9,9
16157,656.69,16,3
16159,348.2,282,1
16160,1025.44,66,2
16161,5533.67,2,19
16162,37.4,253,1
16163,856.6,233,2
16164,822.48,18,3
16168,3787.6,11,27
16169,1822.97,9,4
16170,1885.05,51,6
16171,73.2,60,1
16172,1140.21,96,5
16173,1418.32,16,6
16174,1009.5500000000001,127,3
16175,1037.59,95,4
16177,331.95,51,1
16178,197.9,139,1
16179,215.83,61,1
16180,10254.18,101,8
16181,305.54,74,1
16182,6617.65,73,4
16183,338.71000000000004,68,1
16184,1158.79,65,6
16185,529.41,17,2
16186,4006.94,23,12
16187,6911.4400000000005,32,15
16188,981.86,45,4
16189,215.48,16,2
16190,215.08,41,1
16191,5180.52,3,13
16193,314.45,237,1
16198,400.68100000000004,76,1
16200,1068.8700000000001,5,2
16201,1863.47,4,4
16202,365.27,361,1
16203,592.9,59,4
16204,384.18,24,1
16205,757.63,31,4
16206,537.0600000000001,55,4
16207,394.38,26,1
16208,664.26,45,2
16209,2262.62,89,5
16210,21086.3,2,18
16211,547.02,89,1
16212,690.34,20,2
16213,159.0,79,1
16214,1062.75,171,3
16215,242.35,81,1
16216,914.9300000000001,268,1
16217,304.25,236,2
16218,3084.68,30,7
16221,860.86,37,3
16222,773.5500000000001,319,1
16224,1295.3,58,4
16225,1096.32,45,5
16226,255.12,204,3
16227,314.22,226,1
16229,1010.6,88,2
16230,542.03,190,2
16232,990.88,44,4
16233,536.6800000000001,72,3
16235,867.31,41,5
16236,432.2,79,1
16239,414.2,57,2
16240,3718.8,25,2
16241,2590.31,10,13
16242,3579.86,9,7
16243,409.1,34,2
16244,1522.75,212,2
16245,1413.66,24,3
16247,114.56,171,1
16248,152.94,62,1
16249,1800.07,53,5
16250,389.44,262,2
16253,3683.86,67,2
16255,2619.91,17,8
16256,752.4300000000001,267,1
16257,46.95,177,1
16258,5203.51,46,5
16260,1035.45,51,1
16261,728.54,18,4
16265,5447.0,10,9
16266,861.89,74,7
16268,667.65,72,2
16270,1141.24,354,1
16271,1404.64,3,5
16272,411.7,117,1
16274,351.75,374,1
16275,559.87,197,1
16276,810.6000000000001,177,1
16278,566.38,101,1
16279,1502.78,22,3
16281,2062.06,73,1
16282,168.3,340,1
16283,1570.81,6,5
16284,812.68,32,2
16287,142.5,170,1
16292,302.25,122,1
16293,2248.9900000000002,22,10
16295,1328.55,10,4
16297,301.9,269,1
16298,598.2,23,3
16302,233.22,127,1
16303,5360.63,26,3
16305,361.21999999999997,139,1
16306,632.27,214,6
16308,2560.0,38,4
16309,706.57,107,2
16311,616.26,18,2
16313,274.15000000000003,4,2
16315,226.37,331,1
16316,2938.91,65,8
16317,1341.65,120,3
16318,328.15,36,1
16319,404.40000000000003,218,1
16320,1038.46,173,2
16321,373.65000000000003,73,5
16322,326.75,2,2
16323,207.50000000000003,197,1
16324,408.59000000000003,129,3
16325,594.24,47,3
16326,3039.2200000000003,6,14
16327,3820.27,15,6
16330,251.91,18,3
16332,1582.8,29,7
16333,26626.8,8,22
16337,151.05,37,1
16338,214.79999999999998,158,1
16339,94.05,285,1
16340,534.31,108,1
16341,1971.87,25,4
16342,322.41,76,4
16343,328.58,17,2
16344,101.10000000000001,159,1
16345,565.46,45,1
16347,847.45,12,2
16348,1415.65,33,7
16349,53.5,291,1
16350,1116.47,22,4
16351,153.9,333,1
16352,494.44,18,2
16353,6675.71,4,23
16354,395.8,64,2
16356,211.77,198,3
16357,658.88,34,3
16358,2027.5,2,4
16359,1750.92,8,9
16360,3450.41,5,6
16361,891.21,10,4
16362,709.99,33,5
16363,109.36000000000001,54,1
16364,705.79,12,2
16365,1540.42,18,9
16366,327.3,19,1
16367,800.67,38,2
16368,479.91,3,2
16369,1545.41,19,3
16370,1301.91,83,4
16372,355.73,34,2
16374,466.73,67,2
16376,974.96,9,2
16377,676.2,268,1
16378,362.95,248,3
16379,2157.4,5,4
16380,1743.1499999999999,62,1
16383,643.76,75,2
16384,584.5,90,2
16385,554.86,61,3
16386,302.57,29,2
16387,94.36,323,1
16389,1382.07,54,4
16392,217.89,270,1
16393,3040.96,3,13
16394,1555.34,57,5
16395,1482.06,61,5
16398,1705.8,155,2
16399,408.02,20,2
16400,303.93,95,1
16401,4098.32,2,12
16402,293.45,265,2
16403,177.5,313,1
16404,443.05,71,1
16405,167.25,303,2
16406,154.35,19,1
16407,2079.68,13,10
16409,2022.98,37,5
16411,211.7,20,2
16412,135.99,54,1
16413,262.2,57,1
16414,126.25,22,2
16415,200.27,45,1
16416,1051.4,27,3
16418,631.12,45,3
16419,958.71,113,6
16422,34684.4,18,51
16423,346.12,25,1
16424,133.56,192,1
16425,302.7,303,1
16426,1863.76,3,10
16427,241.06,264,2
16429,284.55,107,1
16430,300.85,58,1
16431,623.28,214,3
16432,287.4,65,1
16433,184.26,29,1
16434,1511.8,30,7
16438,798.35,6,5
16440,3640.67,8,5
16441,381.2,68,2
16442,609.3,2,3
16444,654.67,47,4
16445,230.51,34,1
16446,168472.5,1,2
16447,255.91,136,1
16448,182.99,199,1
16449,707.69,198,2
16450,311.92,150,1
16451,266.97,88,1
16454,6.9,45,2
16455,1841.18,64,7
16456,2158.18,100,5
16457,208.36,219,1
16458,3482.7400000000002,3,18
16460,811.23,29,3
16461,142.92,178,1
16462,136.0,74,3
16463,1422.4,22,4
16464,1298.66,20,3
16466,1595.96,34,7
16468,74.9,75,1
16469,625.42,24,4
16470,752.77,52,4
16471,223.95000000000002,275,1
16473,316.11,165,3
16474,1810.65,8,7
16475,544.3,89,4
16477,2494.46,64,7
16478,331.0,26,3
16479,300.83,11,2
16480,769.29,76,1
16482,220.62,16,1
16483,139.35,193,1
16484,404.3,174,2
16485,363.65,78,1
16488,498.8,34,3
16491,731.5,47,1
16493,1351.63,80,4
16494,826.53,297,1
16495,648.26,4,3
16496,1599.52,9,3
16497,2965.69,50,6
16498,100.97,162,2
16499,365.45,361,2
16500,400.86,5,6
16503,1431.93,107,4
16504,465.88,26,1
16505,777.6,32,1
16506,90.30000000000001,20,2
16509,363.7,297,1
16510,248.1,373,1
16511,918.33,22,3
16513,874.59,5,4
16515,1624.14,53,5
16516,101.69999999999999,31,1
16517,162.7,278,1
16518,484.32,62,2
16519,215.07999999999998,26,2
16520,1046.57,187,3
16523,9418.470000000001,2,21
16525,13027.45,3,26
16526,290.36,172,1
16527,228.06,82,1
16528,244.41,4,1
16529,455.25,191,1
16531,1244.59,23,7
16532,6748.8,18,3
16533,1082.81,20,3
16535,593.75,6,1
16536,548.12,111,1
16539,1388.81,3,4
16542,119.62,54,1
16545,339.3,165,1
16546,787.15,291,2
16549,4034.9,11,10
16550,2298.97,109,5
16551,922.12,96,3
16552,379.73,243,2
16553,5719.82,164,12
16554,837.1,43,3
16555,285.89,36,2
16556,3313.79,67,7
16557,281.85,25,2
16558,8338.49,1,20
16560,841.41,27,2
16561,511.12,6,2
16563,1077.74,54,1
16565,173.7,365,1
16566,614.66,16,5
16567,865.6,195,2
16569,124.2,4,1
16570,3738.4,16,10
16571,1421.69,27,3
16572,1009.6,128,3
16573,663.61,85,2
16574,451.44,72,1
16581,105.84,183,1
16582,313.62,114,1
16583,233.45,374,1
16584,936.08,81,2
16586,463.95,249,1
16587,225.15,233,1
16589,459.24,72,3
16591,213.5,69,1
16592,4113.68,5,16
16593,330.03,51,3
16594,181.09,76,1
16595,360.16,62,1
16596,250.15,16,2
16597,90.04,5,1
16598,145.04999999999998,286,1
16600,813.52,5,6
16601,242.7,41,1
16602,528.08,37,1
16603,482.47,75,2
16607,3347.71,18,14
16609,5493.46,16,7
16610,75.66,220,1
16611,129.49,187,1
16612,1187.66,33,4
16613,618.59,71,1
16614,506.19,183,1
16616,500.42,16,2
16617,151.85,236,1
16618,2647.59,32,5
16619,226.21,264,1
16620,178.96,4,2
16621,813.48,52,4
16623,129.45,246,1
16624,810.5699999999999,81,2
16625,333.08,275,1
16626,4413.1,1,17
16627,322.8,80,1
16628,2188.05,30,5
16629,408.63,74,2
16633,2883.1,18,6
16634,217.9,223,2
16637,1154.47,33,4
16638,1680.72,23,10
16639,1257.51,32,3
16641,231.10000000000002,106,1
16642,688.33,5,2
16643,487.51,246,1
16644,833.78,178,2
16647,214.06,170,2
16648,290.65999999999997,43,1
16650,518.42,72,1
16652,6773.97,59,7
16653,1212.66,17,2
16654,601.27,142,4
16655,3789.52,18,6
16656,8625.8,23,15
16657,874.43,10,4
16658,123.24,369,1
16659,39.12,190,1
16660,1267.6499999999999,17,4
16665,135.39999999999998,363,1
16666,118.98,20,1
16667,567.1800000000001,69,2
16668,306.71999999999997,16,6
16669,1348.88,24,3
16670,4095.9,17,11
16671,1692.27,29,3
16672,8134.9400000000005,3,20
16674,304.24,55,2
16676,1592.1200000000001,34,4
16678,3109.99,3,12
16679,129.75,367,1
16680,183.7,44,1
16681,1770.34,73,6
16682,1028.0,5,5
16684,66653.56,5,28
16685,324.24,62,2
16686,2959.88,48,7
16688,1260.86,2,4
16689,422.59999999999997,76,2
16690,225.57999999999998,73,2
16692,1276.0,257,2
16693,477.86,69,2
16696,657.9000000000001,136,4
16697,112.75,242,1
16698,1998.0,227,2
16700,5076.55,9,13
16701,5398.3,9,13
16705,14034.99,1,20
16706,531.35,38,3
16708,656.63,46,1
16709,3029.87,85,5
16710,2467.99,20,10
16711,1651.03,4,5
16712,3611.31,10,11
16713,6910.78,19,15
16714,1129.06,219,3
16715,301.71999999999997,79,1
16716,901.2,267,2
16717,3843.08,24,6
16718,606.0500000000001,370,1
16719,1770.22,15,7
16720,152.95,27,1
16721,292.47,263,1
16722,4730.81,18,13
16723,576.4,92,2
16725,758.27,303,7
16726,1358.74,27,5
16727,256.32,365,1
16728,1048.28,47,4
16729,7205.33,39,21
16730,743.11,53,3
16732,603.75,32,1
16734,646.76,53,3
16735,2247.41,79,5
16737,417.59999999999997,54,1
16738,3.75,298,1
16739,323.0,177,1
16742,464.9,47,1
16743,2213.13,30,7
16744,1291.91,12,7
16745,7180.7,87,17
16746,6680.11,5,18
16747,836.06,38,2
16748,1515.9,18,5
16750,623.93,45,5
16751,1764.72,31,1
16752,207.5,373,1
16753,223.92000000000002,59,1
16754,2002.4,373,1
16755,1475.43,115,3
16756,239.4,215,1
16757,106.83000000000001,319,1
16758,369.34000000000003,66,1
16759,789.79,8,3
16761,316.62,97,1
16762,1207.24,20,3
16763,611.85,199,1
16764,2790.9500000000003,4,13
16765,34.0,295,1
16766,1145.6,274,2
16767,5575.56,31,11
16768,478.09000000000003,48,3
16769,361.54,261,1
16770,757.1,58,5
16771,2242.61,34,5
16773,171.59,58,1
16774,661.52,68,4
16775,1691.51,11,11
16776,371.54,61,1
16777,222.62,81,2
16778,245.94,75,2
16779,10611.720000000001,3,22
16780,422.24,101,2
16781,311.25,373,1
16782,2267.9500000000003,11,13
16784,107.6,20,1
16788,594.39,124,2
16789,80.8,9,1
16790,1545.6200000000001,4,6
16791,1705.78,30,7
16792,110.38000000000001,283,2
16793,243.84,58,1
16794,1196.5,2,10
16795,414.88,366,1
16796,305.62,90,1
16800,1162.65,12,1
16801,1594.23,164,4
16803,332.3,66,1
16804,536.99,24,3
16805,460.59,174,2
16806,762.16,104,4
16807,1121.59,143,3
16808,288.42,100,2
16809,914.69,24,5
16810,309.54,193,1
16811,547.07,5,2
16812,479.35,361,1
16813,1652.18,9,10
16814,6416.7,15,21
16816,417.06,104,4
16817,1604.75,3,9
16818,3349.57,11,11
16820,497.61,96,1
16823,358.38,228,1
16824,460.64,16,2
16825,775.1800000000001,39,2
16826,341.7,52,1
16828,128.5,94,2
16829,197.22,157,1
16830,325.91,39,1
16832,199.15,185,3
16833,1106.53,2,4
16834,413.46,228,1
16835,180.85,129,2
16836,251.87,40,2
16837,3170.98,32,11
16838,588.85,198,2
16839,16594.35,9,34
16841,1869.82,37,6
16842,1264.19,101,3
16843,10196.57,43,16
16846,214.32,51,1
16847,193.44,44,1
16848,281.42,53,1
16849,124.57,187,1
16850,332.41,334,1
16851,342.45,5,3
16852,144.91000000000003,11,2
16855,328.4,24,2
16856,35.400000000000006,15,1
16858,375.69000000000005,369,1
16859,747.81,145,2
16861,173.76,60,2
16863,502.8,32,2
16866,207.73999999999998,141,3
16869,817.12,23,4
16871,2812.34,23,6
16872,680.02,78,3
16873,7123.62,5,6
16875,2095.53,68,5
16877,846.62,13,6
16878,13.3,85,1
16880,1491.43,31,7
16881,432.0,67,1
16882,705.12,67,3
16883,272.48,188,2
16884,429.84000000000003,38,2
16885,450.41,16,3
16887,192.32999999999998,36,1
16889,1578.67,195,3
16891,742.43,2,5
16892,518.19,2,5
16893,145.93,367,1
16895,202.27,65,1
16897,289.78,300,2
16898,501.03,27,3
16899,1271.06,8,6
16900,887.11,17,3
16902,1706.88,117,1
16903,363.2,30,1
16904,3653.75,5,16
16905,3037.6,6,7
16906,559.59,82,4
16907,928.76,30,5
16909,379.14,73,1
16910,1508.96,5,8
16912,2555.58,29,11
16913,113.44,291,1
16914,183.76,37,1
16915,621.6800000000001,10,6
16916,562.41,24,2
16917,391.52,277,1
16918,1068.82,50,6
16919,2592.25,157,11
16921,154.18,62,1
16923,7069.08,13,19
16924,829.89,22,3
16926,230.25,372,1
16927,543.05,116,3
16928,2814.7,81,17
16929,1295.39,4,7
16930,378.89,27,3
16931,4554.87,6,21
16932,150.23000000000002,54,1
16933,563.23,2,2
16934,931.03,55,2
16936,261.9,26,1
16938,2711.6800000000003,9,4
16940,3049.88,53,3
16942,1904.99,13,9
16943,816.73,212,3
16945,4345.5,22,19
16947,406.48,236,1
16948,435.02,139,3
16949,1286.27,4,6
16950,1178.56,57,3
16951,1277.75,135,3
16952,167.61,110,2
16953,20.8,31,1
16954,2085.08,1,9
16955,518.67,185,4
16956,308.74,18,1
16957,416.64,240,2
16959,117.35000000000001,88,1
16960,507.05,39,3
16961,234.17,117,1
16963,110.55000000000001,188,1
16965,201.19,227,1
16966,2154.97,9,7
16967,319.02,190,1
16968,439.43,5,2
16969,650.41,40,3
16971,357.21,39,1
16976,251.51999999999998,268,1
16978,344.33,78,1
16979,1852.0,4,6
16980,1028.46,256,2
16982,384.06,61,1
16983,1905.87,13,7
16984,4459.52,89,2
16985,5464.12,18,10
16986,1873.2,30,2
16987,1616.8,4,7
16988,126.12,6,1
16989,1133.25,8,6
16990,179.0,219,1
16992,1614.31,11,5
16996,1456.96,31,6
16997,702.0,289,3
16998,295.0,150,4
16999,484.82,24,2
17001,3989.57,1,11
17002,1493.73,86,3
17004,1312.1399999999999,47,2
17006,781.78,5,4
17007,889.9300000000001,51,6
17010,195.36,19,1
17011,270.9,31,1
17014,583.4300000000001,9,3
17015,1838.6100000000001,29,3
17017,8694.26,3,20
17018,920.1,41,2
17019,1258.08,12,4
17022,71.0,32,1
17024,95.85,46,3
17025,357.77,61,3
17026,154.82999999999998,186,2
17027,877.5600000000001,79,6
17029,716.0,111,2
17030,146.87,64,1
17031,380.35,12,2
17033,1030.14,87,3
17034,745.52,17,3
17035,433.53000000000003,246,2
17037,1267.32,88,1
17038,112.4,31,1
17040,449.73,138,1
17041,1071.49,27,3
17042,1036.58,3,5
17043,1735.18,33,4
17044,948.48,26,1
17045,339.44,114,3
17046,642.02,158,1
17047,1100.9,86,3
17048,925.35,118,3
17049,5655.03,3,9
17050,3185.64,97,6
17051,240.89000000000001,195,1
17052,399.09,29,1
17053,498.48,131,1
17054,1356.33,29,5
17058,1179.89,82,3
17059,3080.39,30,5
17060,234.24,267,1
17061,5232.2300000000005,74,11
17062,533.33,314,4
17063,1461.14,22,7
17064,855.45,59,3
17068,4552.14,13,21
17069,2709.7000000000003,29,9
17070,304.24,115,1
17071,2429.03,29,9
17073,1446.09,18,4
17075,834.12,18,4
17076,841.0799999999999,37,3
17078,378.2,37,2
17079,118.80000000000001,79,1
17080,287.62,23,2
17081,288.91,26,2
17082,2003.85,34,2
17083,1405.78,110,3
17084,2747.9900000000002,36,2
17085,1562.4,124,5
17086,2050.08,8,6
17088,1991.01,29,4
17090,1974.65,5,7
17091,3827.76,3,9
17092,1774.03,51,4
17094,302.0,323,1
17095,1324.16,23,3
17096,1022.13,16,4
17097,954.42,3,8
17100,971.74,19,2
17101,1621.73,11,4
17102,25.5,262,1
17105,665.78,160,2
17107,10797.48,34,6
17109,881.29,30,6
17110,163.29999999999998,166,1
17111,231.61,48,1
17114,801.12,6,8
17115,837.5,9,3
17117,116.19999999999999,289,1
17118,157.02,318,1
17119,606.91,4,2
17120,307.46,234,1
17122,138.32,120,1
17123,345.29999999999995,162,1
17124,294.24,186,1
17125,230.5,51,1
17126,989.45,153,5
17128,157.09,335,1
17131,2463.17,6,5
17133,4892.240000000001,16,7
17134,413.2,107,2
17135,1139.73,17,7
17138,380.5,276,1
17139,10650.77,16,12
17140,454.12,248,1
17142,579.0,240,1
17144,984.57,2,2
17146,749.78,106,3
17147,1714.59,23,4
17148,124.88,52,1
17152,1689.5,195,3
17153,213.78,25,1
17154,329.34,76,1
17155,251.70000000000002,18,2
17157,319.0,8,2
17158,1266.97,33,3
17159,1538.88,22,3
17160,3518.03,32,6
17162,1715.46,29,10
17163,293.1,22,2
17164,2467.35,33,7
17165,158.68,285,1
17166,206.34,39,2
17169,835.78,58,2
17171,224.91,290,1
17172,317.76,79,1
17173,3766.6,6,8
17174,59.9,218,1
17175,1443.69,45,4
17176,306.13,202,1
17179,711.79,179,3
17180,783.97,57,4
17181,239.92000000000002,58,2
17183,3347.31,8,6
17186,144.0,47,2
17187,203.95,227,1
17188,2474.23,12,7
17189,383.75,107,2
17190,444.74,59,2
17191,2093.68,29,7
17193,1699.3000000000002,36,7
17194,262.62,274,2
17197,1013.01,30,1
17198,692.22,24,3
17201,289.78,54,1
17203,3560.08,36,6
17204,1564.56,176,4
17205,384.08,54,1
17206,204.24,54,1
17211,2317.2200000000003,27,8
17212,226.85,254,1
17213,2781.23,41,7
17214,1059.1200000000001,61,6
17217,113.5,235,1
17218,1951.97,5,10
17219,114.23,32,1
17220,3187.55,25,14
17221,334.48,8,2
17222,328.65,66,1
17223,416.89,311,2
17226,393.49,309,1
17227,939.32,19,6
17228,1906.09,16,8
17229,318.76,97,2
17230,3638.41,265,8
17231,3124.72,13,10
17232,417.77,3,2
17233,190.88,36,1
17234,149.89000000000001,183,1
17235,550.06,26,2
17236,916.13,13,6
17237,314.69,12,2
17238,3719.1,3,17
17239,382.5,313,1
17242,1135.04,109,2
17243,8540.05,2,26
17244,954.9,54,1
17245,171.45,205,1
17247,280.09000000000003,16,1
17248,318.65,121,1
17250,381.97,4,2
17251,269.83,363,1
17252,348.91,117,2
17253,178.26,19,1
17254,271.19,5,2
17255,291.48,41,2
17256,240.0,108,2
17259,581.23,149,2
17262,1253.3600000000001,53,5
17263,63.440000000000005,209,1
17265,550.01,139,2
17266,296.58,3,3
17267,317.2,128,2
17268,763.64,108,4
17272,2148.63,43,4
17274,107.82,36,1
17277,1065.3500000000001,228,2
17278,246.04,242,1
17279,187.82999999999998,58,1
17282,1685.46,131,3
17284,1647.48,61,6
17286,151.37,22,1
17287,1049.06,27,7
17288,1417.63,10,7
17289,931.02,32,3
17290,513.01,4,2
17291,550.8000000000001,309,1
17293,1854.06,9,9
17295,547.0,29,3
17297,128.18,18,1
17298,498.42,102,2
17299,656.61,12,4
17301,163.24,22,1
17302,1135.63,15,5
17303,250.04,362,1
17306,8631.31,11,19
17309,82.75,96,1
17311,1384.85,79,2
17312,644.3,139,3
17313,2328.84,32,1
17314,2527.92,25,8
17315,6281.23,2,38
17317,2600.34,47,3
17320,1200.6200000000001,101,3
17321,657.16,9,2
17323,906.52,16,7
17324,986.48,18,4
17325,96.8,281,1
17329,523.11,15,2
17330,363.9,23,2
17331,175.2,124,1
17333,494.25,86,1
17334,307.02,303,2
17337,1981.06,152,4
17338,6493.54,18,8
17339,243.36,95,2
17340,12353.29,30,11
17341,682.29,157,3
17343,193.64,356,1
17344,157.62,47,1
17345,519.6899999999999,16,4
17346,2622.88,4,15
17347,228.96,87,1
17348,1156.6,15,5
17349,98.25,180,1
17350,1281.32,9,4
17351,587.15,37,3
17353,1740.0,130,2
17354,1393.06,51,1
17356,178.22,312,1
17357,384.39,25,2
17358,360.81,304,2
17359,127.86,12,1
17360,568.24,18,3
17361,488.2,50,3
17362,312.23,240,2
17364,4462.68,1,11
17365,4767.36,13,8
17367,167.55,239,1
17368,1878.87,24,8
17370,446.18,73,4
17371,418.4,18,3
17372,1337.18,41,8
17373,646.92,41,4
17374,495.77,219,2
17375,400.1,200,3
17376,203.2,71,2
17377,4058.32,24,20
17379,389.71999999999997,12,1
17381,20275.61,9,29
17382,65.4,66,1
17383,193.39000000000001,5,1
17384,336.4,20,2
17385,256.11,15,1
17386,2686.42,8,6
17387,746.81,20,2
17388,1259.56,78,4
17389,31833.68,1,34
17391,508.8,164,2
17392,417.27,307,2
17394,203.86999999999998,220,1
17396,7330.8,40,8
17397,681.41,23,2
17398,653.38,115,3
17400,2097.84,127,5
17402,2633.85,5,13
17403,263.92,37,1
17404,31906.82,5,15
17405,1031.41,2,3
17406,2184.42,334,3
17408,32.65,164,1
17409,771.85,185,2
17410,1214.72,17,5
17411,778.94,13,3
17412,1258.06,3,7
17414,778.0,44,2
17415,507.84,80,1
17416,6893.42,30,7
17418,463.46000000000004,43,2
17419,4226.57,12,12
17420,598.83,51,3
17422,1979.37,17,6
17423,698.41,47,2
17425,759.17,20,2
17426,5037.26,9,6
17427,100.8,72,1
17428,17256.85,1,28
17429,524.9200000000001,129,3
17430,265.76,33,2
17431,403.3,314,1
17432,365.76,19,2
17433,303.15999999999997,89,1
17434,2373.82,3,7
17436,216.29999999999998,2,2
17438,388.45000000000005,254,1
17440,186.42000000000002,157,3
17442,2248.56,37,6
17443,534.24,220,1
17444,2940.04,148,3
17446,120.9,177,2
17447,541.53,41,2
17449,2519.21,3,7
17450,194390.79,9,46
17451,1721.4,2,7
17453,486.71999999999997,18,2
17454,517.53,193,4
17455,131.7,204,1
17456,249.86,366,1
17457,1737.7,127,5
17458,316.5,16,1
17459,657.3,44,2
17460,622.4300000000001,95,6
17461,735.82,23,3
17462,675.69,61,2
17463,1875.86,17,5
17464,289.96000000000004,159,1
17466,763.28,11,2
17468,137.0,11,2
17469,1870.97,17,5
17470,1125.07,45,5
17472,697.54,192,3
17475,194.37,80,1
17480,511.82,78,1
17481,1255.59,4,4
17483,414.04,66,3
17486,396.87,262,1
17489,376.64,59,2
17490,2092.32,1,7
17491,3558.87,2,10
17492,374.57,249,1
17495,497.56,8,2
17496,271.05,359,1
17498,272.22,76,1
17499,622.88,290,1
17500,1138.0,18,3
17501,288.6,221,2
17502,689.1,10,4
17503,558.96,3,2
17504,2997.0299999999997,207,9
17505,1145.84,162,2
17506,302.2,76,1
17507,605.58,262,2
17508,387.31,281,1
17509,6083.64,58,8
17510,308.48,25,1
17511,91062.38,3,31
17512,2924.9900000000002,29,10
17513,513.2,73,1
17514,208.65,129,1
17515,639.02,32,4
17516,764.88,16,5
17517,153.94,309,1
17519,1844.02,18,6
17520,546.81,54,1
17521,723.2099999999999,30,3
17522,1070.71,2,5
17523,652.74,12,4
17524,145.0,362,1
17525,422.70000000000005,360,1
17526,1195.8999999999999,5,4
17527,939.37,54,4
17528,3628.5,2,8
17530,2367.12,2,10
17531,296.7,191,1
17534,223.36,54,1
17535,164.4,281,1
17536,76.5,178,1
17537,887.67,30,2
17538,98.42,26,1
17540,578.9,25,2
17542,170.75,270,1
17545,642.32,44,3
17548,103.3,234,1
17549,148.86,24,2
17550,267.16,198,3
17551,290.34,360,1
17552,930.41,61,4
17553,1487.6,130,1
17554,1952.45,2,5
17555,480.31,20,2
17556,157.9,206,1
17557,541.46,15,3
17560,854.95,95,4
17561,165.12,20,1
17562,1122.38,15,7
17564,454.01,25,3
17566,869.77,9,2
17567,4331.48,8,8
17569,344.14,333,1
17571,1425.67,51,4
17572,226.75000000000003,72,4
17573,380.6,30,3
17574,185.65,243,1
17576,3564.83,9,19
17578,143.45999999999998,219,1
17579,448.90000000000003,5,3
17580,215.72,253,3
17581,11025.24,1,25
17582,175.27,237,1
17584,1242.3,8,2
17585,1116.68,110,4
17588,1240.2,101,3
17589,2404.17,61,4
17590,1468.02,3,3
17591,2203.67,74,7
17593,3923.86,4,5
17594,993.18,86,2
17595,386.69,13,2
17596,2806.69,24,7
17597,2044.3700000000001,214,1
17600,161.67000000000002,18,1
17601,116.00999999999999,240,1
17602,5054.42,3,6
17603,394.72,79,1
17604,309.36,218,2
17608,191.99,34,2
17609,1105.78,41,5
17611,3961.12,8,15
17612,2048.45,54,6
17613,4544.55,23,14
17614,386.32,58,1
17615,329.6,131,3
17616,571.1999999999999,174,3
17618,930.28,6,3
17619,214.37,313,1
17620,81.44,60,1
17621,1379.9,22,3
17623,527.0500000000001,33,1
17624,843.48,15,2
17625,2020.4,19,4
17628,75.75,82,1
17629,1814.12,6,8
17630,503.59999999999997,170,2
17631,528.33,2,3
17633,1324.84,32,4
17634,2358.59,37,9
17636,285.56,20,1
17637,547.0600000000001,32,2
17639,108.5,277,1
17640,621.66,87,1
17642,712.29,120,2
17643,101.55,374,1
17644,2895.64,2,11
17646,1008.39,220,3
17647,133.06,66,1
17648,1797.5,61,4
17649,868.49,139,1
17650,166.08,22,1
17651,3945.0,12,10
17652,4867.72,26,12
17653,1207.56,37,4
17654,117.55,278,1
17655,2638.94,11,7
17656,1674.69,74,5
17658,595.42,26,2
17659,2999.46,18,12
17660,178.75,142,1
17663,1802.91,26,7
17664,604.64,19,2
17666,728.16,4,2
17667,2055.51,67,5
17668,347.75,2,2
17669,3406.7200000000003,43,7
17670,205.7,228,1
17671,1572.71,16,4
17672,3178.17,51,2
17673,1594.97,2,6
17674,551.04,75,2
17675,20374.28,2,31
17676,1371.18,5,6
17677,16345.38,2,30
17678,298.11,264,1
17679,1992.1100000000001,53,2
17680,184.4,24,1
17682,2474.33,11,6
17684,239.41,44,1
17685,3155.83,17,7
17686,5739.46,8,7
17690,4726.8,31,15
17691,290.40000000000003,359,2
17692,740.9399999999999,128,4
17693,200.47,138,1
17694,283.12,142,1
17695,765.34,132,2
17696,2285.71,39,8
17697,338.95,237,1
17698,154.95,261,1
17700,2534.64,17,4
17701,417.95,253,1
17702,1824.37,31,4
17703,798.74,36,3
17704,885.19,169,2
17705,1823.52,4,9
17706,10504.49,5,17
17707,152.4,186,2
17708,263.33,188,2
17709,137.45,170,1
17711,385.1,11,2
17712,522.91,45,1
17714,153.0,321,1
17715,326.4,201,1
17716,5655.99,23,11
17718,139.35,233,1
17719,5396.04,38,15
17720,1195.94,27,4
17722,2424.04,97,4
17723,3276.4000000000005,128,6
17724,1033.0,72,3
17725,3439.08,17,11
17727,1060.25,16,1
17728,2876.01,4,3
17730,5298.4800000000005,4,13
17731,1240.11,80,4
17732,303.97,373,1
17733,692.19,39,2
17734,700.63,54,3
17735,13110.02,3,19
17736,377.44,10,3
17737,168.24,10,2
17738,1879.05,20,4
17739,2791.35,12,7
17742,355.11,114,2
17744,2322.4,4,6
17746,110.25,241,1
17747,71.4,113,1
17749,674.52,179,2
17750,1710.45,6,9
17752,80.64,360,1
17754,1664.65,1,5
17757,5593.39,2,30
17758,3408.2000000000003,20,8
17759,819.96,18,3
17760,287.59,22,2
17761,712.78,33,1
17763,15.0,264,1
17764,772.55,51,2
17765,367.63,159,3
17767,271.2,16,1
17768,2081.9,9,3
17769,3957.43,13,10
17770,1143.27,199,5
17771,245.81,57,2
17772,173.45,11,2
17774,1213.73,97,4
17775,56.4,255,1
17777,647.56,25,3
17779,650.32,22,3
17781,188.02,160,2
17783,283.47,73,2
17785,131.94,54,1
17786,266.85,86,2
17787,1817.54,153,4
17788,1117.9,74,2
17789,225.9,282,1
17790,1964.3,27,14
17791,106.1,30,1
17793,300.34,26,1
17795,342.83,180,2
17796,690.0,41,4
17797,780.43,23,3
17799,3039.17,23,10
17800,1187.21,38,9
17802,1285.04,83,3
17805,512.31,74,1
17806,546.04,12,1
17809,5411.91,17,12
17811,7761.82,5,39
17812,699.81,13,4
17813,1698.07,15,5
17816,36.56,37,4
17817,387.68,5,3
17819,3704.87,72,7
17824,298.4,52,1
17827,1987.33,6,5
17828,1820.09,23,4
17829,889.24,299,1
17830,398.7,2,3
17831,35.400000000000006,34,1
17832,155.37,50,1
17835,342.24,3,3
17836,110.21000000000001,48,1
17837,1541.23,43,8
17838,2720.8,27,5
17839,318.15,43,1
17841,40519.84,2,124
17843,205.48,304,1
17844,51.559999999999995,107,1
17846,2033.1,86,1
17848,901.1999999999999,82,9
17849,605.8000000000001,219,4
17850,5391.21,373,34
17852,114.34,12,2
17854,311.26,186,2
17855,208.97,373,1
17856,1418.03,2,4
17857,26879.04,5,23
17858,5140.66,6,12
17859,141.92000000000002,305,1
17860,226.45000000000002,369,1
17861,2097.88,4,8
17862,330.9,324,1
17863,3160.0,60,6
17864,554.85,13,3
17865,10526.32,31,20
17866,329.65,143,1
17867,1157.8700000000001,31,6
17869,428.18,108,5
17870,1865.89,3,12
17871,155.9,205,1
17873,1848.96,81,5
17874,683.46,186,6
17877,237.61,171,1
17878,379.45,44,1
17879,178.51999999999998,174,1
17880,458.92,365,1
17881,133.35000000000002,305,1
17883,664.34,4,4
17884,695.0699999999999,4,4
17885,156.34,13,1
17886,869.28,32,3
17887,111.35,130,1
17888,716.0,22,8
17889,201.37,213,2
17890,586.89,323,2
17891,203.85999999999999,163,1
17892,244.1,57,3
17893,107.21,226,1
17894,1118.96,72,8
17895,95.45,45,1
17896,256.32,24,1
17897,541.8100000000001,173,3
17898,152.06,86,2
17899,154.55,160,1
17900,112.19999999999999,191,2
17901,110.38,30,1
17904,181.07,22,1
17905,798.99,72,4
17906,72.9,248,1
17908,232.03,374,1
17911,366.23,10,1
17912,310.06,311,5
17913,408.65,59,2
17914,329.36,4,1
17917,335.03,46,3
17919,1304.04,89,1
17920,4119.5,5,17
17921,820.23,65,4
17923,207.50000000000003,283,1
17924,2962.5,12,7
17925,244.08,373,1
17926,397.29,134,2
17928,212.54,46,2
17929,843.0,12,4
17930,1740.48,36,5
17931,408.36,135,2
17932,1331.57,30,3
17934,704.25,52,2
17935,145.79,139,2
17936,380.13,6,1
17937,4301.22,9,7
17939,99.14,160,1
17940,4020.04,50,10
17941,304.56,131,1
17942,77.50000000000001,8,1
17946,149.57999999999998,234,2
17947,176.68,38,1
17948,358.56000000000006,148,1
17949,58510.48,2,45
17950,482.2,73,3
17951,1008.5400000000001,40,3
17954,2314.13,6,12
17955,557.3,199,4
17956,12.75,250,1
17957,111.68,67,1
17958,508.4599999999999,117,1
17960,73.78,172,1
17961,1296.44,22,39
17962,102.41,143,1
17964,463.21,32,2
17965,2599.19,38,14
17966,1098.43,38,5
17967,112.27,372,1
17968,265.1,374,1
17969,228.2,167,2
17970,562.79,212,1
17972,135.19,242,1
17973,337.04,52,1
17974,703.99,25,3
17975,4483.26,16,13
17976,321.79,373,1
17977,288.14,30,1
17978,300.91999999999996,366,1
17979,732.41,36,4
17980,811.45,166,3
17984,152.68,146,1
17985,631.35,23,1
17986,20.8,57,1
17987,198.57,186,1
17988,201.12,12,7
17990,630.84,237,3
17991,93.35,226,2
17994,674.89,122,4
17995,76.1,282,1
17997,1962.46,75,8
17999,380.39,38,2
18001,415.13,13,2
18004,157.92,363,1
18005,226.47,4,2
18006,444.68,24,1
18008,2116.19,71,9
18009,247.39,236,1
18010,174.8,257,1
18011,102.78999999999999,374,1
18013,187.29,156,2
18014,162.22,29,1
18015,120.03,5,1
18016,1477.66,33,5
18017,523.0,82,3
18018,122.14,109,2
18019,38.45,52,1
18022,612.72,36,1
18024,389.78,153,2
18027,115.31,99,1
18030,230.64999999999998,5,2
18032,73.5,335,1
18033,93.82000000000001,66,1
18034,418.68,22,2
18035,713.89,36,3
18036,403.12,33,3
18037,70.02,155,6
18040,357.20000000000005,20,2
18041,4097.37,12,21
18042,165.04999999999998,54,1
18043,529.29,25,3
18044,2088.6,5,10
18045,178.34,46,1
18048,172.29000000000002,204,2
18050,74.4,360,1
18053,300.02,71,1
18055,6761.34,8,10
18056,363.65,289,1
18058,170.16,10,1
18059,306.46,24,3
18061,2119.41,22,10
18062,720.52,174,3
18064,814.0,134,2
18065,2392.83,6,14
18066,318.0,76,1
18067,396.33,41,1
18068,101.69999999999999,290,1
18069,2009.24,27,5
18071,453.0,258,2
18072,247.44,186,1
18073,3859.82,115,12
18074,489.6,374,1
18075,2611.75,24,10
18077,2584.41,9,11
18078,336.13,218,2
18079,3613.15,46,4
18080,1231.5,19,2
18081,343.45,37,3
18082,680.84,26,1
18084,90.47999999999999,17,1
18085,689.95,331,2
18086,101.34,275,1
18087,4055.7199999999993,99,2
18088,166.03,62,1
18092,9068.26,3,11
18093,2106.52,94,4
18094,3017.3,82,7
18095,580.0500000000001,313,2
18096,849.06,12,3
18097,2662.4,8,6
18099,168.31,128,1
18101,222.4,12,2
18102,259657.3,1,60
18104,754.64,38,1
18105,113.48000000000002,38,1
18106,421.9,330,1
18108,271.0,255,1
18109,8004.92,2,26
18110,198.8,20,1
18112,352.69,13,2
18113,76.32000000000001,369,1
18114,220.1,291,1
18116,1403.1100000000001,68,8
18117,315.65,26,1
18118,5625.08,11,26
18119,180.7,368,1
18120,111.15,215,1
18121,653.3,150,2
18122,1793.06,9,6
18123,574.4399999999999,25,2
18125,1131.75,30,4
18126,200.92000000000002,61,1
18127,347.08,20,3
18129,112.55000000000001,244,1
18130,1059.39,16,3
18133,931.4999999999999,213,1
18135,681.9100000000001,30,5
18136,784.33,64,3
18138,152.65,296,1
18139,8438.34,18,6
18142,1019.52,158,2
18143,1000.16,117,2
18144,2888.75,8,12
18145,2861.55,13,4
18146,160.35000000000002,141,2
18147,179.33999999999997,46,2
18149,612.0799999999999,51,3
18150,566.58,33,3
18151,653.35,135,2
18154,399.19,4,2
18155,371.62,76,3
18156,675.64,13,2
18158,453.4,10,2
18159,530.15,302,1
18160,638.0600000000001,58,2
18161,1618.69,16,5
18164,399.65000000000003,38,1
18165,302.46000000000004,178,1
18167,1384.8600000000001,24,3
18168,1160.04,177,6
18169,202.65,61,1
18170,980.31,34,3
18171,1231.31,59,5
18172,7561.68,15,20
18173,2106.84,87,4
18174,104.0,8,1
18176,476.35,359,1
18177,1340.8700000000001,32,6
18178,1590.81,129,4
18179,1793.17,10,6
18180,1843.75,5,6
18181,366.85,25,1
18183,632.07,228,2
18184,49.8,16,1
18185,304.25,250,1
18188,2001.04,16,3
18189,1090.24,78,2
18190,284.46000000000004,193,2
18191,207.79999999999998,262,1
18192,957.97,72,1
18193,243.76,166,1
18194,973.8399999999999,83,1
18196,686.63,96,2
18198,5425.56,5,17
18200,150.35,107,1
18202,1396.99,200,3
18203,160.42000000000002,158,1
18204,1975.35,72,3
18205,517.36,37,2
18209,139.10000000000002,29,1
18210,2621.38,2,6
18211,600.07,26,5
18212,216.07,327,1
18213,232.48000000000002,237,1
18215,299.34000000000003,90,1
18216,481.75,32,1
18217,621.75,30,2
18218,641.92,212,2
18219,2069.77,3,10
18220,305.28000000000003,227,1
18221,1041.61,23,5
18222,443.0,93,1
18223,6484.54,5,14
18224,158.95000000000002,264,1
18225,5504.96,4,12
18226,5228.05,45,11
18227,93.75,218,1
18228,779.9,57,2
18229,7276.900000000001,12,20
18230,2810.2000000000003,10,7
18231,2071.77,193,5
18232,592.97,82,4
18233,440.0,326,1
18235,1796.48,72,3
18236,882.24,30,6
18237,987.1,3,5
18239,1561.6100000000001,219,5
18240,422.58,47,1
18241,2073.09,10,17
18242,2232.4900000000002,73,4
18245,2567.06,8,7
18246,596.1,24,2
18248,804.02,123,2
18249,95.34,18,1
18250,349.27,311,1
18251,4314.72,88,1
18252,518.27,51,2
18255,103.3,90,1
18257,2337.63,40,8
18259,2338.6000000000004,25,3
18260,2628.35,173,6
18261,324.24,44,2
18262,149.48,141,1
18263,1213.1599999999999,26,3
18265,801.51,73,2
18268,25.5,135,1
18269,168.6,367,1
18270,283.15,39,2
18272,3078.58,3,6
18273,204.0,3,3
18274,175.92,31,1
18276,335.86,44,1
18277,110.38,59,1
18278,173.9,74,1
18280,180.60000000000002,278,1
18281,80.82,181,1
18282,178.05,8,2
18283,2045.53,4,16
18287,1837.28,43,3
